swing,session,channel,n_samples,n_samples_last_250ms,n_samples_last_100ms,n_leverage,leverage_max_deg_per_ms,converged,on_bound,flat,boot_reps,boot_ok_frac,seed,pathological,delta_s,delta_ms,ci_delta_s,ci_delta_ms,tr_eff_s,resid_robust_deg,resid_med_abs_deg,loss,anchor_beta_deg,anchor_sigma_deg,anchor_weight,anchor_dt_ms,synth_rows_total
2026-06-11_Mark-Liversedge_Wrist_01__swing_0001,2026-06-11_Mark-Liversedge_Wrist_01,measured,92,33,14,10,1.62606,0,1,0,100,0,20260902,1,-0.1,-100,0,0,-0.132056,92.4384,109.397,1291.11,nan,nan,nan,nan,nan
2026-06-11_Mark-Liversedge_Wrist_01__swing_0001,2026-06-11_Mark-Liversedge_Wrist_01,measured+anchor,93,34,15,11,1.62606,0,1,0,100,0,20260903,1,-0.1,-100,0,0,-0.132056,92.1019,109.083,1265.3,-14.8255,5,2.56,0,nan
2026-06-11_Mark-Liversedge_Wrist_01__swing_0001,2026-06-11_Mark-Liversedge_Wrist_01,synth,191,60,24,18,1.62197,0,1,0,100,0,20260904,1,-0.1,-100,0,0,-0.132056,120.631,65.4885,1244.94,nan,nan,nan,nan,205
2026-06-11_Mark-Liversedge_Wrist_01__swing_0002,2026-06-11_Mark-Liversedge_Wrist_01,measured,142,32,14,10,1.62225,0,1,0,100,0.01,20260905,1,0.05204,52.04,0,0,0.0199838,35.2373,131.872,1721.66,nan,nan,nan,nan,nan
2026-06-11_Mark-Liversedge_Wrist_01__swing_0002,2026-06-11_Mark-Liversedge_Wrist_01,measured+anchor,143,33,15,11,1.62225,0,1,0,100,0.01,20260906,1,0.05204,52.04,0,0,0.0199838,39.1889,131.729,1695.32,100.816,5,2.56,0,nan
2026-06-11_Mark-Liversedge_Wrist_01__swing_0002,2026-06-11_Mark-Liversedge_Wrist_01,synth,312,60,24,17,1.62498,0,1,0,100,0,20260907,1,0.05204,52.04,0,0,0.0199838,112.938,133.034,1597.56,nan,nan,nan,nan,353
2026-06-11_Mark-Liversedge_Wrist_01__swing_0003,2026-06-11_Mark-Liversedge_Wrist_01,measured,81,30,11,9,1.62095,1,0,0,100,1,20260908,1,-0.0577,-57.7,0.018405,18.405,-0.0897562,126.653,136.538,1652.47,nan,nan,nan,nan,nan
2026-06-11_Mark-Liversedge_Wrist_01__swing_0003,2026-06-11_Mark-Liversedge_Wrist_01,measured+anchor,82,31,12,10,1.62095,1,0,0,100,1,20260909,1,-0.0577,-57.7,0.022592,22.592,-0.0897562,126.296,136.444,1607.81,35.673,5,2.56,0,nan
2026-06-11_Mark-Liversedge_Wrist_01__swing_0003,2026-06-11_Mark-Liversedge_Wrist_01,synth,172,60,24,18,1.62161,1,0,0,100,1,20260910,1,-0.03784,-37.84,0.0140495,14.0495,-0.0698962,144.304,103.253,1592.52,nan,nan,nan,nan,180
2026-06-11_Mark-Liversedge_Wrist_01__swing_0004,2026-06-11_Mark-Liversedge_Wrist_01,measured,147,26,6,6,1.62074,0,1,0,100,0,20260911,1,0.05204,52.04,0,0,0.0199838,6.77325,3.65897,64.6029,nan,nan,nan,nan,nan
2026-06-11_Mark-Liversedge_Wrist_01__swing_0004,2026-06-11_Mark-Liversedge_Wrist_01,measured+anchor,148,27,7,7,1.62074,0,1,0,100,0,20260912,1,0.05204,52.04,0,0,0.0199838,6.81019,3.69223,75.887,133.465,5,2.56,0,nan
2026-06-11_Mark-Liversedge_Wrist_01__swing_0004,2026-06-11_Mark-Liversedge_Wrist_01,synth,236,60,24,18,1.62445,0,1,0,100,0,20260913,1,0.05204,52.04,0,0,0.0199838,8.55037,4.957,117.442,nan,nan,nan,nan,265
2026-06-11_Mark-Liversedge_Wrist_01__swing_0005,2026-06-11_Mark-Liversedge_Wrist_01,measured,133,25,6,6,1.6231,0,1,0,100,0,20260914,1,0.05204,52.04,0,0,0.0199838,9.62233,6.60947,79.5023,nan,nan,nan,nan,nan
2026-06-11_Mark-Liversedge_Wrist_01__swing_0005,2026-06-11_Mark-Liversedge_Wrist_01,measured+anchor,134,26,7,7,1.6231,0,1,0,100,0,20260915,1,0.05204,52.04,0,0,0.0199838,9.74593,6.62448,93.4137,139.619,5,2.56,0,nan
2026-06-11_Mark-Liversedge_Wrist_01__swing_0005,2026-06-11_Mark-Liversedge_Wrist_01,synth,231,60,24,18,1.62621,0,1,0,100,0,20260916,1,0.05204,52.04,0,0,0.0199838,10.876,7.30966,130.827,nan,nan,nan,nan,262
2026-06-11_Mark-Liversedge_Wrist_01__swing_0006,2026-06-11_Mark-Liversedge_Wrist_01,measured,142,24,5,5,1.43503,0,1,0,100,0,20260917,1,0.05204,52.04,0,0,0.0199838,17.0047,8.04433,159.946,nan,nan,nan,nan,nan
2026-06-11_Mark-Liversedge_Wrist_01__swing_0006,2026-06-11_Mark-Liversedge_Wrist_01,measured+anchor,143,25,6,6,1.43503,0,1,0,100,0,20260918,1,0.05204,52.04,0,0,0.0199838,17.0069,8.07199,172.16,141.852,5,2.56,0,nan
2026-06-11_Mark-Liversedge_Wrist_01__swing_0006,2026-06-11_Mark-Liversedge_Wrist_01,synth,226,60,24,17,1.62901,0,1,0,100,0,20260919,1,0.05204,52.04,0,0,0.0199838,16.9868,9.58586,210.585,nan,nan,nan,nan,257
2026-06-11_Mark-Liversedge_Wrist_01__swing_0007,2026-06-11_Mark-Liversedge_Wrist_01,measured,128,19,0,0,0.00240325,0,1,1,100,0,20260920,1,0.05204,52.04,0.0027245,2.7245,0.0199838,51.8934,86.3652,1152.96,nan,nan,nan,nan,nan
2026-06-11_Mark-Liversedge_Wrist_01__swing_0007,2026-06-11_Mark-Liversedge_Wrist_01,measured+anchor,129,20,1,1,0.333748,0,1,0,100,0.01,20260921,1,0.05204,52.04,0,0,0.0199838,52.172,86.2127,1140.19,118.64,5,2.56,0,nan
2026-06-11_Mark-Liversedge_Wrist_01__swing_0007,2026-06-11_Mark-Liversedge_Wrist_01,synth,226,60,24,17,1.62902,0,1,0,100,0,20260922,1,0.05204,52.04,0,0,0.0199838,74.2543,82.2534,1001.64,nan,nan,nan,nan,257
2026-06-11_Mark-Liversedge_Wrist_01__swing_0008,2026-06-11_Mark-Liversedge_Wrist_01,measured,138,23,6,5,1.62177,0,1,0,100,0,20260923,1,0.05204,52.04,0,0,0.0199838,12.4376,39.1903,466.232,nan,nan,nan,nan,nan
2026-06-11_Mark-Liversedge_Wrist_01__swing_0008,2026-06-11_Mark-Liversedge_Wrist_01,measured+anchor,139,24,7,6,1.62177,1,0,0,100,0.55,20260924,1,0.01856,18.56,0.022708,22.708,-0.0134962,12.4271,39.5512,515.652,-172.927,5,2.56,0,nan
2026-06-11_Mark-Liversedge_Wrist_01__swing_0008,2026-06-11_Mark-Liversedge_Wrist_01,synth,250,60,24,17,1.62725,1,0,0,100,0.97,20260925,1,0.01382,13.82,0.01408,14.08,-0.0182362,16.1429,41.0353,534.131,nan,nan,nan,nan,275
2026-06-11_Mark-Liversedge_Wrist_01__swing_0009,2026-06-11_Mark-Liversedge_Wrist_01,measured,80,32,10,7,1.62277,0,1,0,100,0,20260926,1,-0.1,-100,0,0,-0.132056,137.976,150.057,1950.16,nan,nan,nan,nan,nan
2026-06-11_Mark-Liversedge_Wrist_01__swing_0009,2026-06-11_Mark-Liversedge_Wrist_01,measured+anchor,81,33,11,8,1.62277,0,1,0,100,0,20260927,1,-0.1,-100,0,0,-0.132056,137.236,150.542,1970.41,-165.862,5,2.56,0,nan
2026-06-11_Mark-Liversedge_Wrist_01__swing_0009,2026-06-11_Mark-Liversedge_Wrist_01,synth,165,60,24,17,1.62825,0,1,0,100,0,20260928,1,-0.1,-100,0,0,-0.132056,130.993,98.6716,1528.25,nan,nan,nan,nan,165
2026-07-03_Mark-Liversedge_Wrist_01__swing_0002,2026-07-03_Mark-Liversedge_Wrist_01,measured,156,26,5,5,1.54472,0,1,0,100,0,20260929,0,0.05204,52.04,0,0,0.0199838,8.53965,7.37559,71.671,nan,nan,nan,nan,nan
2026-07-03_Mark-Liversedge_Wrist_01__swing_0002,2026-07-03_Mark-Liversedge_Wrist_01,measured+anchor,157,27,6,6,1.54472,0,1,0,100,0,20260930,0,0.05204,52.04,0,0,0.0199838,8.84997,7.38931,83.7156,139.721,5,2.56,0,nan
2026-07-03_Mark-Liversedge_Wrist_01__swing_0002,2026-07-03_Mark-Liversedge_Wrist_01,synth,312,60,24,18,1.62353,0,1,0,100,0,20260931,0,0.05204,52.04,0,0,0.0199838,16.4351,8.59115,102.337,nan,nan,nan,nan,428
2026-07-03_Mark-Liversedge_Wrist_01__swing_0003,2026-07-03_Mark-Liversedge_Wrist_01,measured,135,26,3,2,0.44351,0,1,0,100,0,20260932,0,0.05204,52.04,0,0,0.0199838,19.5569,10.6493,161.944,nan,nan,nan,nan,nan
2026-07-03_Mark-Liversedge_Wrist_01__swing_0003,2026-07-03_Mark-Liversedge_Wrist_01,measured+anchor,136,27,4,3,0.44351,0,1,0,100,0,20260933,0,0.05204,52.04,0,0,0.0199838,20.2262,10.7079,176.582,148.439,5,2.56,0,nan
2026-07-03_Mark-Liversedge_Wrist_01__swing_0003,2026-07-03_Mark-Liversedge_Wrist_01,synth,249,60,24,18,1.6152,0,1,0,100,0,20260934,0,0.05204,52.04,0,0,0.0199838,27.6251,14.3901,214.933,nan,nan,nan,nan,279
2026-07-03_Mark-Liversedge_Wrist_01__swing_0004,2026-07-03_Mark-Liversedge_Wrist_01,measured,133,26,4,4,0.887729,0,1,0,100,0,20260935,0,0.05204,52.04,0,0,0.0199838,9.08245,5.60661,43.0753,nan,nan,nan,nan,nan
2026-07-03_Mark-Liversedge_Wrist_01__swing_0004,2026-07-03_Mark-Liversedge_Wrist_01,measured+anchor,134,27,5,5,0.887729,0,1,0,100,0,20260936,0,0.05204,52.04,0,0,0.0199838,8.9667,5.61581,54.1568,127.2,5,2.56,0,nan
2026-07-03_Mark-Liversedge_Wrist_01__swing_0004,2026-07-03_Mark-Liversedge_Wrist_01,synth,241,60,24,18,1.61624,0,1,0,100,0,20260937,0,0.05204,52.04,0,0,0.0199838,7.14335,6.86087,74.5504,nan,nan,nan,nan,267
2026-07-03_Mark-Liversedge_Wrist_01__swing_0005,2026-07-03_Mark-Liversedge_Wrist_01,measured,139,33,10,6,1.62198,0,1,0,100,0,20260938,0,0.05204,52.04,0,0,0.0199838,16.6642,8.05697,166.539,nan,nan,nan,nan,nan
2026-07-03_Mark-Liversedge_Wrist_01__swing_0005,2026-07-03_Mark-Liversedge_Wrist_01,measured+anchor,140,34,11,7,1.62198,0,1,0,100,0,20260939,0,0.05204,52.04,0,0,0.0199838,17.4012,8.2602,179.125,142.709,5,2.56,0,nan
2026-07-03_Mark-Liversedge_Wrist_01__swing_0005,2026-07-03_Mark-Liversedge_Wrist_01,synth,312,60,24,17,1.62886,0,1,0,100,0,20260940,0,0.05204,52.04,0,0,0.0199838,65.3377,44.6203,825.454,nan,nan,nan,nan,487
2026-07-03_Mark-Liversedge_Wrist_01__swing_0006,2026-07-03_Mark-Liversedge_Wrist_01,measured,134,23,1,1,1.62087,0,1,0,100,0,20260941,0,0.05204,52.04,0,0,0.0199838,8.46127,5.84555,38.1599,nan,nan,nan,nan,nan
2026-07-03_Mark-Liversedge_Wrist_01__swing_0006,2026-07-03_Mark-Liversedge_Wrist_01,measured+anchor,135,24,2,2,1.62087,0,1,0,100,0,20260942,0,0.05204,52.04,0,0,0.0199838,8.40869,5.85921,55.1156,148.051,5,2.56,0,nan
2026-07-03_Mark-Liversedge_Wrist_01__swing_0006,2026-07-03_Mark-Liversedge_Wrist_01,synth,239,60,24,17,1.62809,0,1,0,100,0,20260943,0,0.05204,52.04,0,0,0.0199838,15.0217,9.06665,132.967,nan,nan,nan,nan,271
2026-07-03_Mark-Liversedge_Wrist_01__swing_0007,2026-07-03_Mark-Liversedge_Wrist_01,measured,160,30,7,3,1.62188,0,1,0,100,0,20260944,0,0.05204,52.04,0,0,0.0199838,18.8165,5.0255,142.468,nan,nan,nan,nan,nan
2026-07-03_Mark-Liversedge_Wrist_01__swing_0007,2026-07-03_Mark-Liversedge_Wrist_01,measured+anchor,161,31,8,4,1.62188,0,1,0,100,0,20260945,0,0.05204,52.04,0,0,0.0199838,18.9124,5.09397,154.538,145.8,5,2.56,0,nan
2026-07-03_Mark-Liversedge_Wrist_01__swing_0007,2026-07-03_Mark-Liversedge_Wrist_01,synth,312,60,24,18,1.61549,0,1,0,100,0,20260946,0,0.05204,52.04,0,0,0.0199838,20.8791,10.9011,163.529,nan,nan,nan,nan,368
2026-07-03_Mark-Liversedge_Wrist_01__swing_0008,2026-07-03_Mark-Liversedge_Wrist_01,measured,166,30,7,3,1.62292,0,1,0,100,0,20260947,0,0.05204,52.04,0,0,0.0199838,20.0783,8.20006,168.571,nan,nan,nan,nan,nan
2026-07-03_Mark-Liversedge_Wrist_01__swing_0008,2026-07-03_Mark-Liversedge_Wrist_01,measured+anchor,167,31,8,4,1.62292,0,1,0,100,0,20260948,0,0.05204,52.04,0,0,0.0199838,20.3551,8.26265,180.288,147.879,5,2.56,0,nan
2026-07-03_Mark-Liversedge_Wrist_01__swing_0008,2026-07-03_Mark-Liversedge_Wrist_01,synth,312,60,24,18,1.61504,0,1,0,100,0,20260949,0,0.05204,52.04,0,0,0.0199838,16.6452,12.1726,188.788,nan,nan,nan,nan,368
2026-07-03_Mark-Liversedge_Wrist_01__swing_0009,2026-07-03_Mark-Liversedge_Wrist_01,measured,157,28,7,6,1.62282,0,1,0,100,0,20260950,0,0.05204,52.04,0,0,0.0199838,21.0167,7.95758,144.695,nan,nan,nan,nan,nan
2026-07-03_Mark-Liversedge_Wrist_01__swing_0009,2026-07-03_Mark-Liversedge_Wrist_01,measured+anchor,158,29,8,7,1.62282,0,1,0,100,0,20260951,0,0.05204,52.04,0,0,0.0199838,21.1869,8.21857,156.713,144.795,5,2.56,0,nan
2026-07-03_Mark-Liversedge_Wrist_01__swing_0009,2026-07-03_Mark-Liversedge_Wrist_01,synth,268,60,24,18,1.6256,0,1,0,100,0,20260952,0,0.05204,52.04,0,0,0.0199838,18.9233,7.84975,163.752,nan,nan,nan,nan,295
2026-07-03_Mark-Liversedge_Wrist_01__swing_0010,2026-07-03_Mark-Liversedge_Wrist_01,measured,128,26,4,2,0.721601,0,1,0,100,0,20260953,0,0.05204,52.04,0,0,0.0199838,17.1583,36.2086,409.8,nan,nan,nan,nan,nan
2026-07-03_Mark-Liversedge_Wrist_01__swing_0010,2026-07-03_Mark-Liversedge_Wrist_01,measured+anchor,129,27,5,3,0.721601,1,0,0,100,0.65,20260954,0,0.00322,3.22,0.02927,29.27,-0.0288362,17.153,36.2674,455.835,-165.862,5,2.56,0,nan
2026-07-03_Mark-Liversedge_Wrist_01__swing_0010,2026-07-03_Mark-Liversedge_Wrist_01,synth,312,60,24,17,1.62818,1,0,0,100,1,20260955,0,-0.0014,-1.4,0.0083035,8.3035,-0.0334562,13.4814,43.1801,592.972,nan,nan,nan,nan,369
2026-07-03_Mark-Liversedge_Wrist_01__swing_0011,2026-07-03_Mark-Liversedge_Wrist_01,measured,139,29,7,4,1.62175,0,1,0,100,0,20260956,0,0.05204,52.04,0,0,0.0199838,16.3245,12.3389,178.37,nan,nan,nan,nan,nan
2026-07-03_Mark-Liversedge_Wrist_01__swing_0011,2026-07-03_Mark-Liversedge_Wrist_01,measured+anchor,140,30,8,5,1.62175,0,1,0,100,0,20260957,0,0.05204,52.04,0,0,0.0199838,16.4762,12.4121,192.614,149.609,5,2.56,0,nan
2026-07-03_Mark-Liversedge_Wrist_01__swing_0011,2026-07-03_Mark-Liversedge_Wrist_01,synth,247,60,24,17,1.62828,0,1,0,100,0,20260958,0,0.05204,52.04,0,0,0.0199838,8.2122,13.0185,189.926,nan,nan,nan,nan,275
2026-07-04_Mark-Liversedge_Wrist_01__swing_0001,2026-07-04_Mark-Liversedge_Wrist_01,measured,140,24,2,0,0.046761,0,1,0,100,0,20260959,1,0.05204,52.04,0,0,0.0199838,6.58751,4.60752,14.2081,nan,nan,nan,nan,nan
2026-07-04_Mark-Liversedge_Wrist_01__swing_0001,2026-07-04_Mark-Liversedge_Wrist_01,measured+anchor,141,25,3,1,0.333748,0,1,0,100,0,20260960,1,0.05204,52.04,0,0,0.0199838,6.83111,4.62161,29.9882,144.739,5,2.56,0,nan
2026-07-04_Mark-Liversedge_Wrist_01__swing_0001,2026-07-04_Mark-Liversedge_Wrist_01,synth,252,60,24,18,1.62342,0,1,0,100,0,20260961,1,0.05204,52.04,0,0,0.0199838,7.58995,5.68222,91.7325,nan,nan,nan,nan,281
2026-07-04_Mark-Liversedge_Wrist_01__swing_0002,2026-07-04_Mark-Liversedge_Wrist_01,measured,119,23,2,2,1.6225,0,1,0,100,0,20260962,1,0.05204,52.04,0,0,0.0199838,7.30752,4.50459,34.6191,nan,nan,nan,nan,nan
2026-07-04_Mark-Liversedge_Wrist_01__swing_0002,2026-07-04_Mark-Liversedge_Wrist_01,measured+anchor,120,24,3,3,1.6225,0,1,0,100,0,20260963,1,0.05204,52.04,0,0,0.0199838,7.21992,4.51509,51.3978,140.631,5,2.56,0,nan
2026-07-04_Mark-Liversedge_Wrist_01__swing_0002,2026-07-04_Mark-Liversedge_Wrist_01,synth,226,60,24,17,1.62902,0,1,0,100,0,20260964,1,0.05204,52.04,0,0,0.0199838,7.73316,5.80707,100.006,nan,nan,nan,nan,253
2026-07-04_Mark-Liversedge_Wrist_01__swing_0003,2026-07-04_Mark-Liversedge_Wrist_01,measured,144,25,3,3,1.43952,0,1,0,100,0,20260965,1,0.05204,52.04,0,0,0.0199838,8.75169,7.15681,46.4198,nan,nan,nan,nan,nan
2026-07-04_Mark-Liversedge_Wrist_01__swing_0003,2026-07-04_Mark-Liversedge_Wrist_01,measured+anchor,145,26,4,4,1.43952,0,1,0,100,0,20260966,1,0.05204,52.04,0,0,0.0199838,8.74604,7.17213,62.4288,149.404,5,2.56,0,nan
2026-07-04_Mark-Liversedge_Wrist_01__swing_0003,2026-07-04_Mark-Liversedge_Wrist_01,synth,249,60,24,18,1.61711,0,1,0,100,0,20260967,1,0.05204,52.04,0,0,0.0199838,9.70431,7.89868,119.992,nan,nan,nan,nan,279
2026-07-04_Mark-Liversedge_Wrist_01__swing_0004,2026-07-04_Mark-Liversedge_Wrist_01,measured,148,25,3,3,1.43486,0,1,0,100,0,20260968,1,0.05204,52.04,0,0,0.0199838,6.72211,4.42149,60.3723,nan,nan,nan,nan,nan
2026-07-04_Mark-Liversedge_Wrist_01__swing_0004,2026-07-04_Mark-Liversedge_Wrist_01,measured+anchor,149,26,4,4,1.43486,0,1,0,100,0,20260969,1,0.05204,52.04,0,0,0.0199838,6.73932,4.42338,75.3164,147.827,5,2.56,0,nan
2026-07-04_Mark-Liversedge_Wrist_01__swing_0004,2026-07-04_Mark-Liversedge_Wrist_01,synth,266,60,24,17,1.62711,0,1,0,100,0,20260970,1,0.05204,52.04,0,0,0.0199838,11.7622,9.70447,119.858,nan,nan,nan,nan,296
2026-07-04_Mark-Liversedge_Wrist_01__swing_0005,2026-07-04_Mark-Liversedge_Wrist_01,measured,128,25,2,0,0.0480026,0,1,0,100,0,20260971,1,0.05204,52.04,0,0,0.0199838,7.90096,6.05511,43.2619,nan,nan,nan,nan,nan
2026-07-04_Mark-Liversedge_Wrist_01__swing_0005,2026-07-04_Mark-Liversedge_Wrist_01,measured+anchor,129,26,3,1,0.333748,0,1,0,100,0,20260972,1,0.05204,52.04,0,0,0.0199838,8.09373,6.11368,59.6374,143.769,5,2.56,0,nan
2026-07-04_Mark-Liversedge_Wrist_01__swing_0005,2026-07-04_Mark-Liversedge_Wrist_01,synth,247,60,24,17,1.62824,0,1,0,100,0,20260973,1,0.05204,52.04,0,0,0.0199838,10.1699,7.09894,112.849,nan,nan,nan,nan,277
2026-07-04_Mark-Liversedge_Wrist_01__swing_0006,2026-07-04_Mark-Liversedge_Wrist_01,measured,127,22,0,0,0.00794797,0,1,0,100,0,20260974,1,-0.1,-100,0,0,-0.132056,19.3582,129.158,1801.5,nan,nan,nan,nan,nan
2026-07-04_Mark-Liversedge_Wrist_01__swing_0006,2026-07-04_Mark-Liversedge_Wrist_01,measured+anchor,128,23,1,1,0.333748,0,1,0,100,0,20260975,1,-0.1,-100,0,0,-0.132056,18.9744,129.24,1803.88,-120.428,5,2.56,0,nan
2026-07-04_Mark-Liversedge_Wrist_01__swing_0006,2026-07-04_Mark-Liversedge_Wrist_01,synth,312,60,24,17,1.62748,0,1,0,100,0,20260976,1,-0.1,-100,0,0,-0.132056,109.289,116.916,1520.55,nan,nan,nan,nan,468
2026-07-04_Mark-Liversedge_Wrist_01__swing_0008,2026-07-04_Mark-Liversedge_Wrist_01,measured,134,25,2,2,1.43503,0,1,0,100,0.01,20260977,1,0.05204,52.04,0,0,0.0199838,7.56647,4.81033,45.8128,nan,nan,nan,nan,nan
2026-07-04_Mark-Liversedge_Wrist_01__swing_0008,2026-07-04_Mark-Liversedge_Wrist_01,measured+anchor,135,26,3,3,1.43503,0,1,0,100,0,20260978,1,0.05204,52.04,0,0,0.0199838,7.57625,5.11872,62.4691,147.496,5,2.56,0,nan
2026-07-04_Mark-Liversedge_Wrist_01__swing_0008,2026-07-04_Mark-Liversedge_Wrist_01,synth,247,60,24,17,1.62809,0,1,0,100,0,20260979,1,0.05204,52.04,0,0,0.0199838,10.6422,7.97556,130.004,nan,nan,nan,nan,277
2026-07-04_Mark-Liversedge_Wrist_01__swing_0009,2026-07-04_Mark-Liversedge_Wrist_01,measured,135,28,6,6,1.62239,0,1,0,100,0,20260980,1,0.05204,52.04,0,0,0.0199838,5.99562,4.21565,49.2215,nan,nan,nan,nan,nan
2026-07-04_Mark-Liversedge_Wrist_01__swing_0009,2026-07-04_Mark-Liversedge_Wrist_01,measured+anchor,136,29,7,7,1.62239,0,1,0,100,0,20260981,1,0.05204,52.04,0,0,0.0199838,6.03594,4.2177,65.0101,145.049,5,2.56,0,nan
2026-07-04_Mark-Liversedge_Wrist_01__swing_0009,2026-07-04_Mark-Liversedge_Wrist_01,synth,241,60,24,18,1.61545,0,1,0,100,0,20260982,1,0.05204,52.04,0,0,0.0199838,8.68875,5.5378,98.426,nan,nan,nan,nan,269
2026-07-04_Mark-Liversedge_Wrist_01__swing_0010,2026-07-04_Mark-Liversedge_Wrist_01,measured,113,22,0,0,0.00797561,0,1,0,100,0,20260983,1,-0.1,-100,0,0,-0.132056,26.1192,129.909,1852.48,nan,nan,nan,nan,nan
2026-07-04_Mark-Liversedge_Wrist_01__swing_0010,2026-07-04_Mark-Liversedge_Wrist_01,measured+anchor,114,23,1,1,0.333748,0,1,0,100,0,20260984,1,-0.1,-100,0,0,-0.132056,25.8069,129.985,1853.27,-118.207,5,2.56,0,nan
2026-07-04_Mark-Liversedge_Wrist_01__swing_0010,2026-07-04_Mark-Liversedge_Wrist_01,synth,312,60,24,17,1.62884,0,1,0,100,0,20260985,1,-0.1,-100,0,0,-0.132056,124.555,98.2975,1463.22,nan,nan,nan,nan,481
2026-07-04_Mark-Liversedge_Wrist_01__swing_0011,2026-07-04_Mark-Liversedge_Wrist_01,measured,132,28,7,6,1.62044,0,1,0,100,0,20260986,1,0.05204,52.04,0,0,0.0199838,5.58337,4.19909,65.2417,nan,nan,nan,nan,nan
2026-07-04_Mark-Liversedge_Wrist_01__swing_0011,2026-07-04_Mark-Liversedge_Wrist_01,measured+anchor,133,29,8,7,1.62044,0,1,0,100,0,20260987,1,0.05204,52.04,0,0,0.0199838,6.11593,4.23154,80.6461,143.537,5,2.56,0,nan
2026-07-04_Mark-Liversedge_Wrist_01__swing_0011,2026-07-04_Mark-Liversedge_Wrist_01,synth,265,60,24,18,1.61897,0,1,0,100,0,20260988,1,0.05204,52.04,0,0,0.0199838,13.3377,10.387,130.678,nan,nan,nan,nan,292
2026-07-04_Mark-Liversedge_Wrist_01__swing_0012,2026-07-04_Mark-Liversedge_Wrist_01,measured,125,25,2,0,0.0471616,0,1,0,100,0,20260989,1,-0.1,-100,0,0,-0.132056,10.2764,127.008,1832.42,nan,nan,nan,nan,nan
2026-07-04_Mark-Liversedge_Wrist_01__swing_0012,2026-07-04_Mark-Liversedge_Wrist_01,measured+anchor,126,26,3,1,0.333748,0,1,0,100,0,20260990,1,-0.1,-100,0,0,-0.132056,10.2523,127.613,1832.45,-114.583,5,2.56,0,nan
2026-07-04_Mark-Liversedge_Wrist_01__swing_0012,2026-07-04_Mark-Liversedge_Wrist_01,synth,312,60,24,18,1.61725,0,1,0,100,0,20260991,1,-0.1,-100,0,0,-0.132056,58.6866,127.299,1653.53,nan,nan,nan,nan,482
2026-07-04_Mark-Liversedge_Wrist_01__swing_0013,2026-07-04_Mark-Liversedge_Wrist_01,measured,139,26,5,5,1.62265,0,1,0,100,0,20260992,1,0.05204,52.04,0,0,0.0199838,10.4759,7.5574,51.9201,nan,nan,nan,nan,nan
2026-07-04_Mark-Liversedge_Wrist_01__swing_0013,2026-07-04_Mark-Liversedge_Wrist_01,measured+anchor,140,27,6,6,1.62265,0,1,0,100,0,20260993,1,0.05204,52.04,0,0,0.0199838,10.5199,7.57975,64.83,136.262,5,2.56,0,nan
2026-07-04_Mark-Liversedge_Wrist_01__swing_0013,2026-07-04_Mark-Liversedge_Wrist_01,synth,226,60,24,17,1.62902,0,1,0,100,0,20260994,1,0.05204,52.04,0,0,0.0199838,10.3058,7.54474,100.524,nan,nan,nan,nan,252
2026-07-04_Mark-Liversedge_Wrist_01__swing_0014,2026-07-04_Mark-Liversedge_Wrist_01,measured,132,25,2,0,0.0470912,0,1,0,100,0,20260995,1,0.05204,52.04,0,0,0.0199838,8.03182,5.47584,35.5766,nan,nan,nan,nan,nan
2026-07-04_Mark-Liversedge_Wrist_01__swing_0014,2026-07-04_Mark-Liversedge_Wrist_01,measured+anchor,133,26,3,1,0.333748,0,1,0,100,0,20260996,1,0.05204,52.04,0,0,0.0199838,8.02835,5.62016,50.7517,140.756,5,2.56,0,nan
2026-07-04_Mark-Liversedge_Wrist_01__swing_0014,2026-07-04_Mark-Liversedge_Wrist_01,synth,228,60,24,18,1.61919,0,1,0,100,0,20260997,1,0.05204,52.04,0,0,0.0199838,9.8888,6.87158,115.317,nan,nan,nan,nan,256
2026-07-04_Mark-Liversedge_Wrist_01__swing_0015,2026-07-04_Mark-Liversedge_Wrist_01,measured,134,25,2,0,0.0467775,0,1,0,100,0,20260998,1,0.05204,52.04,0,0,0.0199838,8.02647,5.76441,54.3062,nan,nan,nan,nan,nan
2026-07-04_Mark-Liversedge_Wrist_01__swing_0015,2026-07-04_Mark-Liversedge_Wrist_01,measured+anchor,135,26,3,1,0.333748,0,1,0,100,0,20260999,1,0.05204,52.04,0,0,0.0199838,8.03857,5.86179,72.0502,151.931,5,2.56,0,nan
2026-07-04_Mark-Liversedge_Wrist_01__swing_0015,2026-07-04_Mark-Liversedge_Wrist_01,synth,239,60,24,17,1.62811,0,1,0,100,0,20261000,1,0.05204,52.04,0,0,0.0199838,9.95089,7.48956,164.961,nan,nan,nan,nan,270
2026-07-05_Mark-Liversedge_Wrist_02__swing_0001,2026-07-05_Mark-Liversedge_Wrist_02,measured,179,37,14,10,1.62393,1,0,0,100,1,20261001,0,-0.01636,-16.36,0.0024335,2.4335,-0.0484162,4.43783,2.894,19.304,nan,nan,nan,nan,nan
2026-07-05_Mark-Liversedge_Wrist_02__swing_0001,2026-07-05_Mark-Liversedge_Wrist_02,measured+anchor,180,38,15,11,1.62393,1,0,0,100,1,20261002,0,-0.01636,-16.36,0.002226,2.226,-0.0484162,4.33768,2.87556,19.3031,14.6318,85,0.00885813,0,nan
2026-07-05_Mark-Liversedge_Wrist_02__swing_0001,2026-07-05_Mark-Liversedge_Wrist_02,synth,312,60,24,17,1.62764,1,0,0,100,1,20261003,0,-0.01666,-16.66,0.002051,2.051,-0.0487162,12.5257,8.81088,94.6852,nan,nan,nan,nan,455
2026-07-05_Mark-Liversedge_Wrist_02__swing_0001,2026-07-05_Mark-Liversedge_Wrist_02,truth,63,16,5,4,1.08416,1,0,0,100,1,20261004,0,-0.0168,-16.8,0.008203,8.203,-0.0488562,6.96921,7.94871,42.6789,nan,nan,nan,nan,nan
2026-07-05_Mark-Liversedge_Wrist_02__swing_0002,2026-07-05_Mark-Liversedge_Wrist_02,measured,185,37,14,10,1.62184,1,0,0,100,1,20261005,0,-0.0093,-9.3,0.0022,2.2,-0.0413562,5.47751,6.03343,28.0156,nan,nan,nan,nan,nan
2026-07-05_Mark-Liversedge_Wrist_02__swing_0002,2026-07-05_Mark-Liversedge_Wrist_02,measured+anchor,186,38,15,11,1.62184,1,0,0,100,1,20261006,0,-0.0098,-9.8,0.002623,2.623,-0.0418562,5.56393,6.09144,31.0375,-7.20375,5,2.56,0,nan
2026-07-05_Mark-Liversedge_Wrist_02__swing_0002,2026-07-05_Mark-Liversedge_Wrist_02,synth,312,60,24,18,1.6166,1,0,0,100,1,20261007,0,-0.01096,-10.96,0.001581,1.581,-0.0430162,12.8268,8.43749,85.0833,nan,nan,nan,nan,456
2026-07-05_Mark-Liversedge_Wrist_02__swing_0002,2026-07-05_Mark-Liversedge_Wrist_02,truth,47,10,0,0,6.05807e-06,0,1,0,100,0,20261008,0,-0.1,-100,0,0,-0.132056,3.64648,5.07025,34.9055,nan,nan,nan,nan,nan
2026-07-05_Mark-Liversedge_Wrist_02__swing_0003,2026-07-05_Mark-Liversedge_Wrist_02,measured,186,38,15,11,1.61998,1,0,0,100,1,20261009,0,-0.00608,-6.08,0.005391,5.391,-0.0381362,3.88037,2.47615,20.8783,nan,nan,nan,nan,nan
2026-07-05_Mark-Liversedge_Wrist_02__swing_0003,2026-07-05_Mark-Liversedge_Wrist_02,measured+anchor,187,39,16,12,1.61998,1,0,0,100,1,20261010,0,-0.00616,-6.16,0.004865,4.865,-0.0382162,3.80956,2.43899,20.6065,16.2152,5,2.56,0,nan
2026-07-05_Mark-Liversedge_Wrist_02__swing_0003,2026-07-05_Mark-Liversedge_Wrist_02,synth,312,60,24,18,1.62274,1,0,0,100,1,20261011,0,-0.00454,-4.54,0.0029435,2.9435,-0.0365962,22.1505,8.83234,493.833,nan,nan,nan,nan,509
2026-07-05_Mark-Liversedge_Wrist_02__swing_0003,2026-07-05_Mark-Liversedge_Wrist_02,truth,75,21,0,0,0.00432332,0,1,0,100,0,20261012,0,0.05204,52.04,0,0,0.0199838,7.67839,6.32276,42.9717,nan,nan,nan,nan,nan
2026-07-05_Mark-Liversedge_Wrist_02__swing_0004,2026-07-05_Mark-Liversedge_Wrist_02,measured,150,37,15,11,1.62222,1,0,0,100,1,20261013,0,-0.0081,-8.1,0.0051895,5.1895,-0.0401562,7.44932,5.67474,30.7388,nan,nan,nan,nan,nan
2026-07-05_Mark-Liversedge_Wrist_02__swing_0004,2026-07-05_Mark-Liversedge_Wrist_02,measured+anchor,151,38,16,12,1.62222,1,0,0,100,1,20261014,0,-0.00844,-8.44,0.0049925,4.9925,-0.0404962,7.38452,5.6705,30.6168,10.279,5,2.56,0,nan
2026-07-05_Mark-Liversedge_Wrist_02__swing_0004,2026-07-05_Mark-Liversedge_Wrist_02,synth,250,60,24,17,1.62777,1,0,0,100,1,20261015,0,-0.00624,-6.24,0.002781,2.781,-0.0382962,11.5035,7.76465,35.7256,nan,nan,nan,nan,277
2026-07-05_Mark-Liversedge_Wrist_02__swing_0004,2026-07-05_Mark-Liversedge_Wrist_02,truth,43,21,0,0,0.00429069,0,1,0,100,0,20261016,0,0.05204,52.04,0,0,0.0199838,6.80327,11.5054,83.9792,nan,nan,nan,nan,nan
2026-07-05_Mark-Liversedge_Wrist_02__swing_0005,2026-07-05_Mark-Liversedge_Wrist_02,measured,184,38,15,11,1.62168,1,0,0,100,1,20261017,0,0.00014,0.14,0.0044315,4.4315,-0.0319162,4.33187,3.23593,21.5805,nan,nan,nan,nan,nan
2026-07-05_Mark-Liversedge_Wrist_02__swing_0005,2026-07-05_Mark-Liversedge_Wrist_02,measured+anchor,185,39,16,12,1.62168,1,0,0,100,1,20261018,0,-2e-05,-0.02,0.0049685,4.9685,-0.0320762,4.30046,3.04979,21.3068,17.3486,5,2.56,0,nan
2026-07-05_Mark-Liversedge_Wrist_02__swing_0005,2026-07-05_Mark-Liversedge_Wrist_02,synth,312,60,24,18,1.62178,1,0,0,100,1,20261019,0,0.00198,1.98,0.0019345,1.9345,-0.0300762,23.292,12.8518,592.765,nan,nan,nan,nan,461
2026-07-05_Mark-Liversedge_Wrist_02__swing_0005,2026-07-05_Mark-Liversedge_Wrist_02,truth,53,14,0,0,6.75224e-05,0,1,0,100,0,20261020,0,-0.1,-100,0,0,-0.132056,3.99286,4.97004,27.6425,nan,nan,nan,nan,nan
2026-07-05_Mark-Liversedge_Wrist_02__swing_0006,2026-07-05_Mark-Liversedge_Wrist_02,measured,180,37,14,10,1.62059,1,0,0,100,1,20261021,0,-0.00688,-6.88,0.003546,3.546,-0.0389362,5.54652,6.66055,35.8254,nan,nan,nan,nan,nan
2026-07-05_Mark-Liversedge_Wrist_02__swing_0006,2026-07-05_Mark-Liversedge_Wrist_02,measured+anchor,181,38,15,11,1.62059,1,0,0,100,1,20261022,0,-0.00622,-6.22,0.004003,4.003,-0.0382762,5.58402,6.61329,31.6123,19.0403,0.5,25,0,nan
2026-07-05_Mark-Liversedge_Wrist_02__swing_0006,2026-07-05_Mark-Liversedge_Wrist_02,synth,312,60,24,17,1.62708,1,0,0,100,1,20261023,0,-0.00682,-6.82,0.0012935,1.2935,-0.0388762,32.2638,19.2592,689.393,nan,nan,nan,nan,469
2026-07-05_Mark-Liversedge_Wrist_02__swing_0006,2026-07-05_Mark-Liversedge_Wrist_02,truth,64,22,3,3,1.62059,1,0,0,100,0.97,20261024,0,-0.00364,-3.64,0.0012105,1.2105,-0.0356962,7.83263,6.78997,64.8021,nan,nan,nan,nan,nan
2026-07-05_Mark-Liversedge_Wrist_02__swing_0007,2026-07-05_Mark-Liversedge_Wrist_02,measured,180,37,14,10,1.62357,1,0,0,100,1,20261025,0,0.00214,2.14,0.0036975,3.6975,-0.0299162,6.09071,5.13189,27.7649,nan,nan,nan,nan,nan
2026-07-05_Mark-Liversedge_Wrist_02__swing_0007,2026-07-05_Mark-Liversedge_Wrist_02,measured+anchor,181,38,15,11,1.62357,1,0,0,100,1,20261026,0,0.0021,2.1,0.0043825,4.3825,-0.0299562,6.05463,5.11893,27.3769,19.4713,5,2.56,0,nan
2026-07-05_Mark-Liversedge_Wrist_02__swing_0007,2026-07-05_Mark-Liversedge_Wrist_02,synth,312,60,24,17,1.62783,1,0,0,100,1,20261027,0,0.00314,3.14,0.0021765,2.1765,-0.0289162,28.8802,16.1027,664.39,nan,nan,nan,nan,476
2026-07-05_Mark-Liversedge_Wrist_02__swing_0007,2026-07-05_Mark-Liversedge_Wrist_02,truth,55,21,0,0,0.00445673,0,1,0,100,0,20261028,0,0.05204,52.04,0,0,0.0199838,10.0776,10.1861,67.0054,nan,nan,nan,nan,nan
2026-07-05_Mark-Liversedge_Wrist_02__swing_0008,2026-07-05_Mark-Liversedge_Wrist_02,measured,179,37,14,10,1.6227,1,0,0,100,1,20261029,0,-0.00078,-0.78,0.002737,2.737,-0.0328362,4.93863,5.10891,30.2474,nan,nan,nan,nan,nan
2026-07-05_Mark-Liversedge_Wrist_02__swing_0008,2026-07-05_Mark-Liversedge_Wrist_02,measured+anchor,180,38,15,11,1.6227,1,0,0,100,1,20261030,0,-0.00068,-0.68,0.0030675,3.0675,-0.0327362,4.99284,5.08202,29.8296,20.0174,5,2.56,0,nan
2026-07-05_Mark-Liversedge_Wrist_02__swing_0008,2026-07-05_Mark-Liversedge_Wrist_02,synth,312,60,24,17,1.62559,1,0,0,100,1,20261031,0,-0.00378,-3.78,0.0019635,1.9635,-0.0358362,22.0066,13.1783,550.094,nan,nan,nan,nan,483
2026-07-05_Mark-Liversedge_Wrist_02__swing_0008,2026-07-05_Mark-Liversedge_Wrist_02,truth,50,13,0,0,3.73428e-05,0,1,1,100,0,20261032,0,0.05204,52.04,0,0,0.0199838,7.15083,8.87355,52.5306,nan,nan,nan,nan,nan
2026-07-05_Mark-Liversedge_Wrist_02__swing_0009,2026-07-05_Mark-Liversedge_Wrist_02,measured,179,37,14,10,1.62262,1,0,0,100,1,20261033,0,-0.00584,-5.84,0.002544,2.544,-0.0378962,5.05458,4.06131,24.5481,nan,nan,nan,nan,nan
2026-07-05_Mark-Liversedge_Wrist_02__swing_0009,2026-07-05_Mark-Liversedge_Wrist_02,measured+anchor,180,38,15,11,1.62262,1,0,0,100,1,20261034,0,-0.0065,-6.5,0.002336,2.336,-0.0385562,5.07036,4.03814,25.5435,3.72303,5,2.56,0,nan
2026-07-05_Mark-Liversedge_Wrist_02__swing_0009,2026-07-05_Mark-Liversedge_Wrist_02,synth,312,60,24,18,1.62337,1,0,0,100,1,20261035,0,-0.00586,-5.86,0.0016,1.6,-0.0379162,9.31297,5.50636,34.8658,nan,nan,nan,nan,367
2026-07-05_Mark-Liversedge_Wrist_02__swing_0009,2026-07-05_Mark-Liversedge_Wrist_02,truth,63,13,0,0,6.7396e-05,0,1,1,100,0,20261036,0,0.05204,52.04,0,0,0.0199838,6.23619,6.28241,33.5144,nan,nan,nan,nan,nan
2026-07-05_Mark-Liversedge_Wrist_02__swing_0010,2026-07-05_Mark-Liversedge_Wrist_02,measured,183,38,15,11,1.62193,1,0,0,100,1,20261037,0,-0.00018,-0.18,0.0052555,5.2555,-0.0322362,9.10629,7.2385,43.6822,nan,nan,nan,nan,nan
2026-07-05_Mark-Liversedge_Wrist_02__swing_0010,2026-07-05_Mark-Liversedge_Wrist_02,measured+anchor,184,39,16,12,1.62193,1,0,0,100,1,20261038,0,0.00018,0.18,0.00431,4.31,-0.0318762,9.03643,7.25663,43.1683,22.7247,5,2.56,0,nan
2026-07-05_Mark-Liversedge_Wrist_02__swing_0010,2026-07-05_Mark-Liversedge_Wrist_02,synth,312,60,24,18,1.62478,1,0,0,100,1,20261039,0,0.00196,1.96,0.0027615,2.7615,-0.0300962,12.6993,8.94079,51.0325,nan,nan,nan,nan,372
2026-07-05_Mark-Liversedge_Wrist_02__swing_0010,2026-07-05_Mark-Liversedge_Wrist_02,truth,60,13,0,0,3.74429e-05,1,0,0,100,0.48,20261040,0,-0.07378,-73.78,0.0733725,73.3725,-0.105836,8.02183,9.58742,64.7753,nan,nan,nan,nan,nan
2026-07-08_Mark-Liversedge_Wrist_01__swing_0001,2026-07-08_Mark-Liversedge_Wrist_01,measured,149,25,2,0,0.0467939,0,1,0,100,0,20261041,0,0.05204,52.04,0,0,0.0199838,12.2764,9.35438,57.3066,nan,nan,nan,nan,nan
2026-07-08_Mark-Liversedge_Wrist_01__swing_0001,2026-07-08_Mark-Liversedge_Wrist_01,measured+anchor,150,26,3,1,0.333748,0,1,0,100,0,20261042,0,0.05204,52.04,0,0,0.0199838,12.3344,9.45891,71.2688,144.136,5,2.56,0,nan
2026-07-08_Mark-Liversedge_Wrist_01__swing_0001,2026-07-08_Mark-Liversedge_Wrist_01,synth,262,60,24,18,1.62118,0,1,0,100,0,20261043,0,0.05204,52.04,0,0,0.0199838,6.9504,14.0424,156.949,nan,nan,nan,nan,292
2026-07-08_Mark-Liversedge_Wrist_01__swing_0002,2026-07-08_Mark-Liversedge_Wrist_01,measured,155,36,14,10,1.62255,1,0,0,100,1,20261044,0,-0.011,-11,0.0023175,2.3175,-0.0430562,8.84364,7.64925,37.0996,nan,nan,nan,nan,nan
2026-07-08_Mark-Liversedge_Wrist_01__swing_0002,2026-07-08_Mark-Liversedge_Wrist_01,measured+anchor,156,37,15,11,1.62255,1,0,0,100,1,20261045,0,-0.01014,-10.14,0.0029655,2.9655,-0.0421962,8.90826,7.65178,32.3808,19.2742,1.5,25,0,nan
2026-07-08_Mark-Liversedge_Wrist_01__swing_0002,2026-07-08_Mark-Liversedge_Wrist_01,synth,255,60,24,17,1.6288,1,0,0,100,1,20261046,0,-0.00926,-9.26,0.001875,1.875,-0.0413162,11.1251,9.45032,52.531,nan,nan,nan,nan,286
2026-07-08_Mark-Liversedge_Wrist_01__swing_0003,2026-07-08_Mark-Liversedge_Wrist_01,measured,136,22,0,0,0.00803048,0,1,0,100,0.03,20261047,0,0.05204,52.04,0,0,0.0199838,11.2669,10.2164,51.3619,nan,nan,nan,nan,nan
2026-07-08_Mark-Liversedge_Wrist_01__swing_0003,2026-07-08_Mark-Liversedge_Wrist_01,measured+anchor,137,23,1,1,0.333748,0,1,0,100,0.01,20261048,0,0.05204,52.04,0,0,0.0199838,11.2951,10.2642,70.0084,155.915,5,2.56,0,nan
2026-07-08_Mark-Liversedge_Wrist_01__swing_0003,2026-07-08_Mark-Liversedge_Wrist_01,synth,255,60,24,17,1.62848,0,1,0,100,0,20261049,0,0.05204,52.04,0,0,0.0199838,9.52063,11.0184,130.09,nan,nan,nan,nan,287
2026-07-08_Mark-Liversedge_Wrist_01__swing_0004,2026-07-08_Mark-Liversedge_Wrist_01,measured,122,23,0,0,0.014466,0,1,0,100,0,20261050,0,0.05204,52.04,0,0,0.0199838,9.32321,6.50209,38.5861,nan,nan,nan,nan,nan
2026-07-08_Mark-Liversedge_Wrist_01__swing_0004,2026-07-08_Mark-Liversedge_Wrist_01,measured+anchor,123,24,1,1,0.333748,0,1,0,100,0,20261051,0,0.05204,52.04,0,0,0.0199838,9.35209,6.5159,57.9164,150.483,5,2.56,0,nan
2026-07-08_Mark-Liversedge_Wrist_01__swing_0004,2026-07-08_Mark-Liversedge_Wrist_01,synth,233,60,24,18,1.62159,0,1,0,100,0,20261052,0,0.05204,52.04,0,0,0.0199838,10.3967,7.17022,131.037,nan,nan,nan,nan,266
2026-07-08_Mark-Liversedge_Wrist_01__swing_0006,2026-07-08_Mark-Liversedge_Wrist_01,measured,126,25,2,0,0.0470374,0,1,0,100,0.01,20261053,0,0.05204,52.04,0,0,0.0199838,7.28977,4.96872,63.5902,nan,nan,nan,nan,nan
2026-07-08_Mark-Liversedge_Wrist_01__swing_0006,2026-07-08_Mark-Liversedge_Wrist_01,measured+anchor,127,26,3,1,0.333748,0,1,0,100,0,20261054,0,0.05204,52.04,0,0,0.0199838,7.40581,5.00043,80.3409,145.528,5,2.56,0,nan
2026-07-08_Mark-Liversedge_Wrist_01__swing_0006,2026-07-08_Mark-Liversedge_Wrist_01,synth,273,60,24,18,1.61828,0,1,0,100,0,20261055,0,0.05204,52.04,0,0,0.0199838,8.60146,6.83189,112.679,nan,nan,nan,nan,305
2026-07-08_Mark-Liversedge_Wrist_01__swing_0007,2026-07-08_Mark-Liversedge_Wrist_01,measured,142,37,14,11,1.62256,1,0,0,100,1,20261056,0,0.00746,7.46,0.003543,3.543,-0.0245962,9.27835,6.57803,50.8007,nan,nan,nan,nan,nan
2026-07-08_Mark-Liversedge_Wrist_01__swing_0007,2026-07-08_Mark-Liversedge_Wrist_01,measured+anchor,143,38,15,12,1.62256,1,0,0,100,1,20261057,0,0.00792,7.92,0.003937,3.937,-0.0241362,9.03733,6.61561,49.979,25.6096,5,2.56,0,nan
2026-07-08_Mark-Liversedge_Wrist_01__swing_0007,2026-07-08_Mark-Liversedge_Wrist_01,synth,250,60,24,17,1.62885,1,0,0,100,1,20261058,0,0.0079,7.9,0.002563,2.563,-0.0241562,10.8444,7.73252,53.1702,nan,nan,nan,nan,280
2026-07-08_Mark-Liversedge_Wrist_01__swing_0008,2026-07-08_Mark-Liversedge_Wrist_01,measured,128,25,2,0,0.0468433,0,1,0,100,0,20261059,0,0.05204,52.04,0,0,0.0199838,7.39239,5.35072,30.9479,nan,nan,nan,nan,nan
2026-07-08_Mark-Liversedge_Wrist_01__swing_0008,2026-07-08_Mark-Liversedge_Wrist_01,measured+anchor,129,26,3,1,0.333748,0,1,0,100,0,20261060,0,0.05204,52.04,0,0,0.0199838,7.38347,5.39455,47.1418,142.331,5,2.56,0,nan
2026-07-08_Mark-Liversedge_Wrist_01__swing_0008,2026-07-08_Mark-Liversedge_Wrist_01,synth,249,60,24,18,1.6153,0,1,0,100,0,20261061,0,0.05204,52.04,0,0,0.0199838,9.01865,6.80799,99.6378,nan,nan,nan,nan,280
2026-07-08_Mark-Liversedge_Wrist_01__swing_0009,2026-07-08_Mark-Liversedge_Wrist_01,measured,134,25,2,0,0.0471202,0,1,0,100,0,20261062,0,0.05204,52.04,0,0,0.0199838,8.9762,6.07028,41.3333,nan,nan,nan,nan,nan
2026-07-08_Mark-Liversedge_Wrist_01__swing_0009,2026-07-08_Mark-Liversedge_Wrist_01,measured+anchor,135,26,3,1,0.333748,0,1,0,100,0,20261063,0,0.05204,52.04,0,0,0.0199838,8.97879,6.2094,56.7589,142.821,5,2.56,0,nan
2026-07-08_Mark-Liversedge_Wrist_01__swing_0009,2026-07-08_Mark-Liversedge_Wrist_01,synth,249,60,24,18,1.61627,0,1,0,100,0,20261064,0,0.05204,52.04,0,0,0.0199838,11.6389,8.15079,119.003,nan,nan,nan,nan,278
2026-07-08_Mark-Liversedge_Wrist_01__swing_0010,2026-07-08_Mark-Liversedge_Wrist_01,measured,145,25,3,1,1.62245,0,1,0,100,0,20261065,0,0.05204,52.04,0,0,0.0199838,11.0352,7.17695,47.2659,nan,nan,nan,nan,nan
2026-07-08_Mark-Liversedge_Wrist_01__swing_0010,2026-07-08_Mark-Liversedge_Wrist_01,measured+anchor,146,26,4,2,1.62245,0,1,0,100,0,20261066,0,0.05204,52.04,0,0,0.0199838,11.0929,7.18334,62.0442,145.148,5,2.56,0,nan
2026-07-08_Mark-Liversedge_Wrist_01__swing_0010,2026-07-08_Mark-Liversedge_Wrist_01,synth,291,60,24,18,1.62369,0,1,0,100,0,20261067,0,0.05204,52.04,0,0,0.0199838,12.1493,12.3203,126.525,nan,nan,nan,nan,322
2026-07-08_Mark-Liversedge_Wrist_01__swing_0011,2026-07-08_Mark-Liversedge_Wrist_01,measured,129,24,2,0,0.0469258,0,1,0,100,0,20261068,0,0.05204,52.04,0,0,0.0199838,11.0893,6.91546,55.949,nan,nan,nan,nan,nan
2026-07-08_Mark-Liversedge_Wrist_01__swing_0011,2026-07-08_Mark-Liversedge_Wrist_01,measured+anchor,130,25,3,1,0.333748,0,1,0,100,0,20261069,0,0.05204,52.04,0,0,0.0199838,11.0469,7.07673,71.7273,142.996,5,2.56,0,nan
2026-07-08_Mark-Liversedge_Wrist_01__swing_0011,2026-07-08_Mark-Liversedge_Wrist_01,synth,266,60,24,17,1.62679,0,1,0,100,0,20261070,0,0.05204,52.04,0,0,0.0199838,10.9328,10.7827,114.996,nan,nan,nan,nan,300
2026-07-09_Mark-Liversedge_Wrist_01__swing_0001,2026-07-09_Mark-Liversedge_Wrist_01,measured,153,36,14,10,1.62902,1,0,0,100,1,20261071,0,-0.01832,-18.32,0.0022355,2.2355,-0.0503762,6.19689,4.30809,30.162,nan,nan,nan,nan,nan
2026-07-09_Mark-Liversedge_Wrist_01__swing_0001,2026-07-09_Mark-Liversedge_Wrist_01,measured+anchor,154,37,15,11,1.62902,1,0,0,100,1,20261072,0,-0.01856,-18.56,0.001962,1.962,-0.0506162,6.11067,4.39716,32.7408,-3.97692,5,2.56,0,nan
2026-07-09_Mark-Liversedge_Wrist_01__swing_0001,2026-07-09_Mark-Liversedge_Wrist_01,synth,245,60,24,17,1.6242,1,0,0,100,1,20261073,0,-0.02096,-20.96,0.001717,1.717,-0.0530162,7.78855,4.92909,25.1646,nan,nan,nan,nan,273
2026-07-09_Mark-Liversedge_Wrist_01__swing_0002,2026-07-09_Mark-Liversedge_Wrist_01,measured,140,37,14,10,1.62646,1,0,0,100,1,20261074,0,-0.01044,-10.44,0.0031425,3.1425,-0.0424962,7.00942,5.34033,24.2761,nan,nan,nan,nan,nan
2026-07-09_Mark-Liversedge_Wrist_01__swing_0002,2026-07-09_Mark-Liversedge_Wrist_01,measured+anchor,141,38,15,11,1.62646,1,0,0,100,1,20261075,0,-0.01046,-10.46,0.003244,3.244,-0.0425162,7.00215,5.31243,23.8424,16.2897,5,2.56,0,nan
2026-07-09_Mark-Liversedge_Wrist_01__swing_0002,2026-07-09_Mark-Liversedge_Wrist_01,synth,228,60,24,18,1.61606,1,0,0,100,1,20261076,0,-0.00968,-9.68,0.0021565,2.1565,-0.0417362,6.03351,3.2096,22.8314,nan,nan,nan,nan,254
2026-07-09_Mark-Liversedge_Wrist_01__swing_0003,2026-07-09_Mark-Liversedge_Wrist_01,measured,137,37,14,11,1.61219,1,0,0,100,1,20261077,0,-0.0082,-8.2,0.001982,1.982,-0.0402562,6.7805,5.11714,22.7804,nan,nan,nan,nan,nan
2026-07-09_Mark-Liversedge_Wrist_01__swing_0003,2026-07-09_Mark-Liversedge_Wrist_01,measured+anchor,138,38,15,12,1.61219,1,0,0,100,1,20261078,0,-0.00878,-8.78,0.0021745,2.1745,-0.0408362,6.77825,5.21079,24.8741,0.462829,5,2.56,0,nan
2026-07-09_Mark-Liversedge_Wrist_01__swing_0003,2026-07-09_Mark-Liversedge_Wrist_01,synth,246,60,24,18,1.6165,1,0,0,100,1,20261079,0,-0.00854,-8.54,0.001493,1.493,-0.0405962,7.15629,5.22601,21.5909,nan,nan,nan,nan,274
2026-07-09_Mark-Liversedge_Wrist_01__swing_0004,2026-07-09_Mark-Liversedge_Wrist_01,measured,149,36,13,10,1.62314,1,0,0,100,1,20261080,0,-0.01236,-12.36,0.001543,1.543,-0.0444162,6.08414,4.66818,25.2523,nan,nan,nan,nan,nan
2026-07-09_Mark-Liversedge_Wrist_01__swing_0004,2026-07-09_Mark-Liversedge_Wrist_01,measured+anchor,150,37,14,11,1.62314,1,0,0,100,1,20261081,0,-0.01274,-12.74,0.001661,1.661,-0.0447962,6.04462,4.70599,28.272,-4.57907,5,2.56,0,nan
2026-07-09_Mark-Liversedge_Wrist_01__swing_0004,2026-07-09_Mark-Liversedge_Wrist_01,synth,240,60,24,17,1.62901,1,0,0,100,1,20261082,0,-0.01456,-14.56,0.001571,1.571,-0.0466162,8.39483,6.07723,31.1318,nan,nan,nan,nan,269
2026-07-09_Mark-Liversedge_Wrist_01__swing_0005,2026-07-09_Mark-Liversedge_Wrist_01,measured,139,38,15,11,1.61857,1,0,0,100,1,20261083,0,-0.00376,-3.76,0.003916,3.916,-0.0358162,6.33711,4.53599,33.152,nan,nan,nan,nan,nan
2026-07-09_Mark-Liversedge_Wrist_01__swing_0005,2026-07-09_Mark-Liversedge_Wrist_01,measured+anchor,140,39,16,12,1.61857,1,0,0,100,1,20261084,0,-0.00352,-3.52,0.004252,4.252,-0.0355762,6.29917,4.57034,32.6626,21.5753,5,2.56,0,nan
2026-07-09_Mark-Liversedge_Wrist_01__swing_0005,2026-07-09_Mark-Liversedge_Wrist_01,synth,239,60,24,17,1.62888,1,0,0,100,1,20261085,0,-0.00462,-4.62,0.0032225,3.2225,-0.0366762,7.78113,5.30341,32.5253,nan,nan,nan,nan,263
2026-07-09_Mark-Liversedge_Wrist_01__swing_0006,2026-07-09_Mark-Liversedge_Wrist_01,measured,135,36,15,11,1.61414,1,0,0,100,1,20261086,0,-0.0086,-8.6,0.001393,1.393,-0.0406562,5.25159,3.70432,25.4129,nan,nan,nan,nan,nan
2026-07-09_Mark-Liversedge_Wrist_01__swing_0006,2026-07-09_Mark-Liversedge_Wrist_01,measured+anchor,136,37,16,12,1.61414,1,0,0,100,1,20261087,0,-0.00902,-9.02,0.001444,1.444,-0.0410762,5.31477,3.7743,26.2686,5.08959,5,2.56,0,nan
2026-07-09_Mark-Liversedge_Wrist_01__swing_0006,2026-07-09_Mark-Liversedge_Wrist_01,synth,229,60,24,18,1.62223,1,0,0,100,1,20261088,0,-0.00966,-9.66,0.0013825,1.3825,-0.0417162,6.81453,4.41725,27.7448,nan,nan,nan,nan,253
