swing,session,channel,parametrisation,n_samples,n_samples_last_250ms,n_samples_last_100ms,converged,on_bound,bound_params,flat,flat_params,simplex_ok,boot_reps,boot_ok_frac,seed,pathological,b0,A,tc,wc,tr,wr,r,ci_b0,ci_A,ci_tc,ci_wc,ci_tr,ci_wr,ci_r,resid_robust_deg,resid_med_abs_deg,loss
2026-06-11_Mark-Liversedge_Wrist_01__swing_0001,2026-06-11_Mark-Liversedge_Wrist_01,tracker,P7,92,33,14,0,1,b0|A|wc|tr,0,,1,100,0,20260812,1,-90,300,-0.311272,0.002,-0.2,0.0646006,0.793239,1.26046,26.8878,0.206925,0.0567987,0.0311624,0.0313638,0.113467,21.8405,19.0344,703.748
2026-06-11_Mark-Liversedge_Wrist_01__swing_0001,2026-06-11_Mark-Liversedge_Wrist_01,tracker,P4,92,33,14,1,0,,0,,1,100,0.97,20260813,1,-10.302,62.5015,-0.701618,0.0888958,-0.104481,0.0158165,1.04104,nan,36.805,nan,nan,0.0378673,0.00806728,0.231319,97.938,106.382,1212.65
2026-06-11_Mark-Liversedge_Wrist_01__swing_0001,2026-06-11_Mark-Liversedge_Wrist_01,tracker,P3,92,33,14,1,0,,0,,1,100,1,20260814,1,-10.302,98.5573,-0.701618,0.0888958,-0.125799,0.0300118,1.07198,nan,nan,nan,nan,0.00316276,0.00245184,0.0333627,100.048,109.397,1241.6
2026-06-11_Mark-Liversedge_Wrist_01__swing_0002,2026-06-11_Mark-Liversedge_Wrist_01,tracker,P7,142,32,14,0,1,b0|wc|wr,0,,0,100,0,20260815,1,-90,225.644,-0.243089,0.002,-0.0324649,0.1,0.480434,0,50.0677,0.0454594,0.00105337,0.11,0.0494924,0.595912,39.4941,49.8344,595.377
2026-06-11_Mark-Liversedge_Wrist_01__swing_0002,2026-06-11_Mark-Liversedge_Wrist_01,tracker,P4,142,32,14,0,1,wr,1,r,1,100,0.45,20260816,1,-10.302,83.0193,-0.701618,0.0888958,0.014291,0.001,0.754737,nan,47.2631,nan,nan,0.00414821,0.0106899,0.415667,44.4193,130.161,1709.39
2026-06-11_Mark-Liversedge_Wrist_01__swing_0002,2026-06-11_Mark-Liversedge_Wrist_01,tracker,P3,142,32,14,0,0,,1,r,1,100,0.31,20260817,1,-10.302,98.5573,-0.701618,0.0888958,0.0185828,0.00133935,0.723153,nan,nan,nan,nan,0.0489702,0.0199198,0.419239,35.2373,131.872,1719.96
2026-06-11_Mark-Liversedge_Wrist_01__swing_0003,2026-06-11_Mark-Liversedge_Wrist_01,tracker,P7,81,30,11,0,1,b0|A|wc,0,,0,100,0,20260818,1,-90,300,-0.234479,0.002,-0.18904,0.0305121,0.572531,1.5374e-06,47.4863,0.00704365,4.07394e-11,0.0906135,0.0433965,0.198398,36.0777,32.1217,455.951
2026-06-11_Mark-Liversedge_Wrist_01__swing_0003,2026-06-11_Mark-Liversedge_Wrist_01,tracker,P4,81,30,11,0,1,A,1,tr|wr|r,1,100,0.12,20260819,1,-10.302,0,-0.701618,0.0888958,-0.0141904,0.0217682,0.884872,nan,18.6934,nan,nan,0.0212814,0.012833,0.236459,141.514,110.145,1366.05
2026-06-11_Mark-Liversedge_Wrist_01__swing_0003,2026-06-11_Mark-Liversedge_Wrist_01,tracker,P3,81,30,11,1,0,,0,,1,100,0.67,20260820,1,-10.302,98.5573,-0.701618,0.0888958,-0.0957615,0.0318581,0.634771,nan,nan,nan,nan,0.11,0.0380369,0.414504,130.27,136.538,1629.45
2026-06-11_Mark-Liversedge_Wrist_01__swing_0004,2026-06-11_Mark-Liversedge_Wrist_01,tracker,P7,147,26,6,0,1,tr,1,r,1,100,0.68,20260821,1,-4.55799,87.0998,-0.693071,0.0804818,0.0198758,0.00198255,0.75048,2.87069,8.71304,0.00935136,0.0166962,0.0127166,0.000889016,0.228073,5.60852,3.63276,58.7351
2026-06-11_Mark-Liversedge_Wrist_01__swing_0004,2026-06-11_Mark-Liversedge_Wrist_01,tracker,P4,147,26,6,0,0,,1,r,1,100,0.91,20260822,1,-10.302,94.0462,-0.701618,0.0888958,0.0174721,0.00150716,0.787078,nan,3.11225,nan,nan,0.00566558,0.00105509,0.244759,5.72821,3.89171,60.3502
2026-06-11_Mark-Liversedge_Wrist_01__swing_0004,2026-06-11_Mark-Liversedge_Wrist_01,tracker,P3,147,26,6,0,1,tr,1,r,1,100,0.56,20260823,1,-10.302,98.5573,-0.701618,0.0888958,0.0198908,0.00117212,0.693878,nan,nan,nan,nan,0.01079,0.000137675,0.106796,6.77325,3.65897,64.0163
2026-06-11_Mark-Liversedge_Wrist_01__swing_0005,2026-06-11_Mark-Liversedge_Wrist_01,tracker,P7,133,25,6,0,0,,1,r,1,100,0.68,20260824,1,-4.7422,90.3405,-0.699344,0.0919292,0.0014354,0.0014918,0.856052,46.8154,57.6005,0.0967686,0.0984959,0.022071,0.00261062,0.36051,6.94756,4.82601,75.2215
2026-06-11_Mark-Liversedge_Wrist_01__swing_0005,2026-06-11_Mark-Liversedge_Wrist_01,tracker,P4,133,25,6,0,0,,1,r,1,100,1,20260825,1,-10.302,96.5908,-0.701618,0.0888958,0.00692286,0.00216367,0.775002,nan,2.81031,nan,nan,0.012441,0.000908681,0.0943344,9.35258,6.76212,78.5661
2026-06-11_Mark-Liversedge_Wrist_01__swing_0005,2026-06-11_Mark-Liversedge_Wrist_01,tracker,P3,133,25,6,0,1,wr,1,r,1,100,0.5,20260826,1,-10.302,98.5573,-0.701618,0.0888958,-0.0016858,0.0010874,0.821582,nan,nan,nan,nan,0.0140399,0.000314218,0.0867406,9.62233,6.60947,79.3511
2026-06-11_Mark-Liversedge_Wrist_01__swing_0006,2026-06-11_Mark-Liversedge_Wrist_01,tracker,P7,142,24,5,0,0,,1,r,1,100,0.85,20260827,1,-1.41777,71.4056,-0.733009,0.0696248,-0.000508005,0.0025869,0.890038,2.04179,5.38368,0.0188402,0.00858427,0.0214087,0.00165401,0.217164,9.47842,6.40891,129.935
2026-06-11_Mark-Liversedge_Wrist_01__swing_0006,2026-06-11_Mark-Liversedge_Wrist_01,tracker,P4,142,24,5,0,0,,1,tr|r,1,100,0.97,20260828,1,-10.302,88.5849,-0.701618,0.0888958,0.0100148,0.00269333,0.703508,nan,5.17254,nan,nan,0.0155998,0.00109566,0.113207,11.8623,9.9353,147.928
2026-06-11_Mark-Liversedge_Wrist_01__swing_0006,2026-06-11_Mark-Liversedge_Wrist_01,tracker,P3,142,24,5,0,0,,1,tr|r,1,100,1,20260829,1,-10.302,98.5573,-0.701618,0.0888958,-0.00175489,0.00111394,0.815762,nan,nan,nan,nan,0.00881481,0.00030095,0.0310185,17.0047,8.04433,159.87
2026-06-11_Mark-Liversedge_Wrist_01__swing_0007,2026-06-11_Mark-Liversedge_Wrist_01,tracker,P7,128,19,0,0,1,tr,0,,0,100,0.01,20260830,1,7.55583,133.641,-1.13886,0.0406694,-0.2,0.0759989,1.32525,61.8181,78.2465,0.210009,0.249,3.81669e-08,0.0204606,0.329912,17.0774,8.66954,138.669
2026-06-11_Mark-Liversedge_Wrist_01__swing_0007,2026-06-11_Mark-Liversedge_Wrist_01,tracker,P4,128,19,0,0,0,,1,tr|wr|r,1,100,0.91,20260831,1,-10.302,174.614,-0.701618,0.0888958,-0.0121483,0.00204129,0.682233,nan,15.154,nan,nan,0.0148443,0.00555366,0.0770772,93.6031,73.8149,972.557
2026-06-11_Mark-Liversedge_Wrist_01__swing_0007,2026-06-11_Mark-Liversedge_Wrist_01,tracker,P3,128,19,0,0,0,,1,tr|wr|r,1,100,0.93,20260832,1,-10.302,98.5573,-0.701618,0.0888958,-0.0120562,0.00120658,0.841318,nan,nan,nan,nan,0.0939719,0.0219478,0.000869454,51.8934,86.3652,1152.96
2026-06-11_Mark-Liversedge_Wrist_01__swing_0008,2026-06-11_Mark-Liversedge_Wrist_01,tracker,P7,138,23,6,0,1,tr|r,1,tr|wr,1,100,0.07,20260833,1,-54.5154,269.45,-0.65273,0.467063,0.0199992,0.0405288,0,28.4026,47.6361,0.136582,0.0863642,0.109981,0.0490095,0.75,3.67716,2.46032,18.8649
2026-06-11_Mark-Liversedge_Wrist_01__swing_0008,2026-06-11_Mark-Liversedge_Wrist_01,tracker,P4,138,23,6,0,0,,1,tr|r,1,100,0.88,20260834,1,-10.302,139.15,-0.701618,0.0888958,0.0178276,0.00161369,0.788279,nan,2.44261,nan,nan,0.0202133,0.000919748,0.111068,33.4353,12.2174,195.117
2026-06-11_Mark-Liversedge_Wrist_01__swing_0008,2026-06-11_Mark-Liversedge_Wrist_01,tracker,P3,138,23,6,0,0,,1,tr|r,1,100,0.89,20260835,1,-10.302,98.5573,-0.701618,0.0888958,0.0188737,0.00112634,0.667836,nan,nan,nan,nan,0.014069,0.000479818,0.0876858,12.4376,39.1903,465.975
2026-06-11_Mark-Liversedge_Wrist_01__swing_0009,2026-06-11_Mark-Liversedge_Wrist_01,tracker,P7,80,32,10,0,1,A|wc|r,0,,0,100,0,20260836,1,-84.2167,300,-0.284411,0.002,-0.153148,0.0938227,1.5,33.8109,150,0.253474,0.146084,0.0714708,0.0422067,0.279942,94.1959,73.6682,1154.08
2026-06-11_Mark-Liversedge_Wrist_01__swing_0009,2026-06-11_Mark-Liversedge_Wrist_01,tracker,P4,80,32,10,0,1,A,1,tr|wr|r,1,100,0,20260837,1,-10.302,0,-0.701618,0.0888958,-0.0162587,0.0176482,0.958655,nan,37.8085,nan,nan,0.0766225,0.0054425,0.275695,171.214,144.652,1613.04
2026-06-11_Mark-Liversedge_Wrist_01__swing_0009,2026-06-11_Mark-Liversedge_Wrist_01,tracker,P3,80,32,10,0,1,r,0,,1,100,0,20260838,1,-10.302,98.5573,-0.701618,0.0888958,-0.172575,0.0234679,1.5,nan,nan,nan,nan,0.00310449,0.00221396,0,159.822,105.449,1615.46
2026-07-03_Mark-Liversedge_Wrist_01__swing_0002,2026-07-03_Mark-Liversedge_Wrist_01,tracker,P7,156,26,5,0,0,,1,r,1,100,0.84,20260839,0,-31.1481,126.245,-0.70848,0.146179,0.00910346,0.00191871,0.811555,4.64714,10.5212,0.0140346,0.0306572,0.00947515,0.00179574,0.275768,7.53832,5.05303,38.1872
2026-07-03_Mark-Liversedge_Wrist_01__swing_0002,2026-07-03_Mark-Liversedge_Wrist_01,tracker,P4,156,26,5,0,0,,1,r,1,100,0.96,20260840,0,-10.302,95.3751,-0.701618,0.0888958,0.00303198,0.00187271,0.815298,nan,1.58981,nan,nan,0.0115653,0.00085738,0.0924104,8.89353,5.70382,69.0779
2026-07-03_Mark-Liversedge_Wrist_01__swing_0002,2026-07-03_Mark-Liversedge_Wrist_01,tracker,P3,156,26,5,0,0,,1,tr|r,1,100,1,20260841,0,-10.302,98.5573,-0.701618,0.0888958,0.0178604,0.00179648,0.740152,nan,nan,nan,nan,0.014069,0.000341272,0.0876858,8.53965,7.37546,71.5006
2026-07-03_Mark-Liversedge_Wrist_01__swing_0003,2026-07-03_Mark-Liversedge_Wrist_01,tracker,P7,135,26,3,0,0,,1,r,1,100,0.62,20260842,0,-21.3264,187.165,-0.492844,0.207445,-0.035328,0.00138478,0.051513,3.70952,13.7225,0.0229939,0.0202072,0.0409571,0.014655,0.435962,5.68703,3.78825,13.1441
2026-07-03_Mark-Liversedge_Wrist_01__swing_0003,2026-07-03_Mark-Liversedge_Wrist_01,tracker,P4,135,26,3,0,0,,1,tr|r,1,100,1,20260843,0,-10.302,109.618,-0.701618,0.0888958,-0.0053131,0.00255506,0.776343,nan,6.32665,nan,nan,0.0160065,0.00141602,0.129002,18.426,13.8088,145.728
2026-07-03_Mark-Liversedge_Wrist_01__swing_0003,2026-07-03_Mark-Liversedge_Wrist_01,tracker,P3,135,26,3,0,0,,1,tr|r,1,100,1,20260844,0,-10.302,98.5573,-0.701618,0.0888958,-0.0120562,0.00120658,0.841318,nan,nan,nan,nan,0,0,0,19.5569,10.6493,161.934
2026-07-03_Mark-Liversedge_Wrist_01__swing_0004,2026-07-03_Mark-Liversedge_Wrist_01,tracker,P7,133,26,4,0,1,r,1,tr|wr,1,100,0.27,20260845,0,-1.75044,89.495,-0.651694,0.0662217,0.0168628,0.0267834,0,1.38226,3.62399,0.0052588,0.00721926,0.00952136,0.013828,0.414359,4.89349,3.47389,28.6267
2026-07-03_Mark-Liversedge_Wrist_01__swing_0004,2026-07-03_Mark-Liversedge_Wrist_01,tracker,P4,133,26,4,0,1,r,1,tr|wr,1,100,0.29,20260846,0,-10.302,96.6147,-0.701618,0.0888958,0.0179051,0.0232466,0,nan,1.40195,nan,nan,0.00346552,0.0135441,0.411022,8.15502,5.50154,39.7489
2026-07-03_Mark-Liversedge_Wrist_01__swing_0004,2026-07-03_Mark-Liversedge_Wrist_01,tracker,P3,133,26,4,0,1,tr|wr,1,r,1,100,0.22,20260847,0,-10.302,98.5573,-0.701618,0.0888958,0.0199809,0.00104042,0.55235,nan,nan,nan,nan,0.0159377,0.0117169,0.420659,9.08245,5.60661,40.8169
2026-07-03_Mark-Liversedge_Wrist_01__swing_0005,2026-07-03_Mark-Liversedge_Wrist_01,tracker,P7,139,33,10,0,1,tr,1,r,1,100,0.63,20260848,0,-19.2022,180.17,-0.51376,0.222639,0.0199536,0.00479232,1.34788,2.71359,9.64809,0.0298155,0.0186055,0.0230228,0.0122604,0.596958,7.05404,4.79151,26.697
2026-07-03_Mark-Liversedge_Wrist_01__swing_0005,2026-07-03_Mark-Liversedge_Wrist_01,tracker,P4,139,33,10,0,1,wr,1,r,1,100,0.75,20260849,0,-10.302,114.57,-0.701618,0.0888958,-0.00757813,0.00102288,0.779174,nan,3.95248,nan,nan,0.0152668,0.00108536,0.125025,12.8114,10.1226,123.936
2026-07-03_Mark-Liversedge_Wrist_01__swing_0005,2026-07-03_Mark-Liversedge_Wrist_01,tracker,P3,139,33,10,0,0,,1,tr|r,1,100,0.79,20260850,0,-10.302,98.5573,-0.701618,0.0888958,0.0187148,0.0014285,0.734952,nan,nan,nan,nan,0.0103434,0.000557466,0.0778178,16.6642,8.05697,166.273
2026-07-03_Mark-Liversedge_Wrist_01__swing_0006,2026-07-03_Mark-Liversedge_Wrist_01,tracker,P7,134,23,1,0,1,r,1,tr|wr,1,100,0.77,20260851,0,-0.229411,89.5965,-0.65751,0.0607498,-0.0131961,0.0393396,0,2.93361,3.66651,0.00780206,0.0108117,0.0431537,0.00363887,0.621085,8.2667,5.60617,29.94
2026-07-03_Mark-Liversedge_Wrist_01__swing_0006,2026-07-03_Mark-Liversedge_Wrist_01,tracker,P4,134,23,1,0,0,,1,tr|r,1,100,1,20260852,0,-10.302,99.3529,-0.701618,0.0888958,0.0196122,0.00260615,0.820625,nan,1.55921,nan,nan,0.0176576,0.00233356,0.104925,8.54389,5.7308,37.9266
2026-07-03_Mark-Liversedge_Wrist_01__swing_0006,2026-07-03_Mark-Liversedge_Wrist_01,tracker,P3,134,23,1,0,0,,1,tr|r,1,100,0.99,20260853,0,-10.302,98.5573,-0.701618,0.0888958,0.0188737,0.00112634,0.667836,nan,nan,nan,nan,0.0154649,4.01176e-05,0.0867406,8.46127,5.84554,38.092
2026-07-03_Mark-Liversedge_Wrist_01__swing_0007,2026-07-03_Mark-Liversedge_Wrist_01,tracker,P7,160,30,7,0,1,wr,1,r,1,100,0.68,20260854,0,-15.8718,158.851,-0.56636,0.164038,-0.0166656,0.00102227,0.674462,1.49126,6.70786,0.0154041,0.0137326,0.02157,0.00243898,0.392223,5.80297,4.02207,16.091
2026-07-03_Mark-Liversedge_Wrist_01__swing_0007,2026-07-03_Mark-Liversedge_Wrist_01,tracker,P4,160,30,7,0,0,,1,tr|r,1,100,0.93,20260855,0,-10.302,116.952,-0.701618,0.0888958,0.0137614,0.00196655,0.645482,nan,3.83619,nan,nan,0.0156813,0.00117008,0.132028,13.2238,9.92557,96.7145
2026-07-03_Mark-Liversedge_Wrist_01__swing_0007,2026-07-03_Mark-Liversedge_Wrist_01,tracker,P3,160,30,7,0,1,wr,1,tr|r,1,100,0.44,20260856,0,-10.302,98.5573,-0.701618,0.0888958,-0.0016858,0.0010874,0.821582,nan,nan,nan,nan,0.00731481,0.000314218,0.0310185,18.8165,5.0255,142.358
2026-07-03_Mark-Liversedge_Wrist_01__swing_0008,2026-07-03_Mark-Liversedge_Wrist_01,tracker,P7,166,30,7,0,1,tr,1,r,1,100,0.59,20260857,0,-21.8545,170.616,-0.602033,0.183424,0.0199078,0.003388,0.458318,2.23163,6.63983,0.0108856,0.0154872,0.030696,0.00166586,0.362599,5.39379,3.68985,13.7805
2026-07-03_Mark-Liversedge_Wrist_01__swing_0008,2026-07-03_Mark-Liversedge_Wrist_01,tracker,P4,166,30,7,0,0,,1,tr|r,1,100,1,20260858,0,-10.302,123.798,-0.701618,0.0888958,0.0115822,0.00212196,0.691599,nan,3.17686,nan,nan,0.012443,0.00150698,0.0626523,13.7378,8.11318,77.7558
2026-07-03_Mark-Liversedge_Wrist_01__swing_0008,2026-07-03_Mark-Liversedge_Wrist_01,tracker,P3,166,30,7,0,1,wr,1,tr|r,1,100,0.43,20260859,0,-10.302,98.5573,-0.701618,0.0888958,-0.0016858,0.0010874,0.821582,nan,nan,nan,nan,0.00518519,5.95884e-05,0.00986796,20.0783,8.20006,168.504
2026-07-03_Mark-Liversedge_Wrist_01__swing_0009,2026-07-03_Mark-Liversedge_Wrist_01,tracker,P7,157,28,7,0,0,,1,r,1,100,0.54,20260860,0,-18.113,155.146,-0.607161,0.159758,-0.000491353,0.00196536,0.56867,2.78172,7.34433,0.0114019,0.0168446,0.0204068,0.00169715,0.434774,6.60731,4.50835,18.5471
2026-07-03_Mark-Liversedge_Wrist_01__swing_0009,2026-07-03_Mark-Liversedge_Wrist_01,tracker,P4,157,28,7,0,0,,1,r,1,100,0.97,20260861,0,-10.302,119.314,-0.701618,0.0888958,0.0125153,0.00287847,0.553481,nan,3.14619,nan,nan,0.0123789,0.00116212,0.141925,14.5035,8.49655,76.9154
2026-07-03_Mark-Liversedge_Wrist_01__swing_0009,2026-07-03_Mark-Liversedge_Wrist_01,tracker,P3,157,28,7,0,1,wr,1,r,1,100,0.38,20260862,0,-10.302,98.5573,-0.701618,0.0888958,-0.0016858,0.0010874,0.821582,nan,nan,nan,nan,0.00731481,0.000314218,0.0310185,21.0167,7.95758,144.565
2026-07-03_Mark-Liversedge_Wrist_01__swing_0010,2026-07-03_Mark-Liversedge_Wrist_01,tracker,P7,128,26,4,0,1,wr|r,1,tr|wr,1,100,0.22,20260863,0,-6.55565,196.126,-0.535561,0.347747,0.00200266,0.1,0,30.695,74.4304,0.0944696,0.143078,0.109981,0.0296635,0.69569,3.21091,2.21589,15.2033
2026-07-03_Mark-Liversedge_Wrist_01__swing_0010,2026-07-03_Mark-Liversedge_Wrist_01,tracker,P4,128,26,4,0,0,,1,r,1,100,0.94,20260864,0,-10.302,135.322,-0.701618,0.0888958,-0.0155666,0.00176443,0.761843,nan,2.97605,nan,nan,0.0250313,0.00170237,0.0331238,24.9408,13.4998,162.019
2026-07-03_Mark-Liversedge_Wrist_01__swing_0010,2026-07-03_Mark-Liversedge_Wrist_01,tracker,P3,128,26,4,0,0,,1,tr|r,1,100,1,20260865,0,-10.302,98.5573,-0.701618,0.0888958,-0.0120562,0.00120658,0.841318,nan,nan,nan,nan,0.0015,0,0,17.1583,36.2086,409.779
2026-07-03_Mark-Liversedge_Wrist_01__swing_0011,2026-07-03_Mark-Liversedge_Wrist_01,tracker,P7,139,29,7,0,0,,1,r,1,100,0.57,20260866,0,-2.30211,134.864,-0.583343,0.129095,-0.00252471,0.00186143,0.501293,11.1889,24.9836,0.020818,0.0562415,0.027085,0.00181463,0.29249,5.96985,4.21961,38.8709
2026-07-03_Mark-Liversedge_Wrist_01__swing_0011,2026-07-03_Mark-Liversedge_Wrist_01,tracker,P4,139,29,7,0,0,,1,tr|r,1,100,0.99,20260867,0,-10.302,119.519,-0.701618,0.0888958,0.015297,0.00209608,0.672533,nan,3.44317,nan,nan,0.0109653,0.00113745,0.120023,15.9119,10.8602,101.994
2026-07-03_Mark-Liversedge_Wrist_01__swing_0011,2026-07-03_Mark-Liversedge_Wrist_01,tracker,P3,139,29,7,0,1,wr,1,tr|r,1,100,0.36,20260868,0,-10.302,98.5573,-0.701618,0.0888958,-0.0016858,0.0010874,0.821582,nan,nan,nan,nan,0.00518519,5.95884e-05,0.00986796,16.3245,12.3389,178.281
2026-07-04_Mark-Liversedge_Wrist_01__swing_0001,2026-07-04_Mark-Liversedge_Wrist_01,tracker,P7,140,24,2,0,0,,1,tr|r,1,100,0.91,20260869,1,-2.40102,88.8981,-0.677531,0.0734148,0.0193426,0.00618656,0.445403,0.659007,1.95137,0.00394807,0.00418462,0.0356337,0.00276056,0.493404,2.63692,2.07806,9.70572
2026-07-04_Mark-Liversedge_Wrist_01__swing_0001,2026-07-04_Mark-Liversedge_Wrist_01,tracker,P4,140,24,2,0,0,,1,tr|r,1,100,1,20260870,1,-10.302,97.2027,-0.701618,0.0888958,-0.0119531,0.00359798,0.843121,nan,0.843438,nan,nan,0.0138375,0.000929479,0.124965,6.43612,3.80537,13.7103
2026-07-04_Mark-Liversedge_Wrist_01__swing_0001,2026-07-04_Mark-Liversedge_Wrist_01,tracker,P3,140,24,2,0,0,,1,tr|r,1,100,1,20260871,1,-10.302,98.5573,-0.701618,0.0888958,-0.0120562,0.00120658,0.841318,nan,nan,nan,nan,0,0,0,6.58751,4.60752,14.2076
2026-07-04_Mark-Liversedge_Wrist_01__swing_0002,2026-07-04_Mark-Liversedge_Wrist_01,tracker,P7,119,23,2,0,1,r,1,tr|wr,1,100,0.42,20260872,1,8.63703,79.7294,-0.635251,0.0580112,-0.0365881,0.00263206,0,2.60782,3.78774,0.00433326,0.0078595,0.0602291,0.0083996,0.747766,4.45371,3.20685,24.3805
2026-07-04_Mark-Liversedge_Wrist_01__swing_0002,2026-07-04_Mark-Liversedge_Wrist_01,tracker,P4,119,23,2,0,0,,1,r,1,100,0.99,20260873,1,-10.302,97.8962,-0.701618,0.0888958,0.0186713,0.00323978,0.654213,nan,1.2074,nan,nan,0.0149183,0.00180256,0.0870633,7.12023,4.57793,34.368
2026-07-04_Mark-Liversedge_Wrist_01__swing_0002,2026-07-04_Mark-Liversedge_Wrist_01,tracker,P3,119,23,2,0,0,,1,tr|r,1,100,0.91,20260874,1,-10.302,98.5573,-0.701618,0.0888958,0.0188737,0.00112634,0.667836,nan,nan,nan,nan,0.015494,0.000119078,0.0876858,7.30752,4.50459,34.4991
2026-07-04_Mark-Liversedge_Wrist_01__swing_0003,2026-07-04_Mark-Liversedge_Wrist_01,tracker,P7,144,25,3,0,1,tr,1,tr|r,1,100,0.83,20260875,1,-0.635112,86.2064,-0.694679,0.0802764,0.0198257,0.00137563,0.714692,1.79138,3.61991,0.00729651,0.0102165,0.0178771,0.0017185,0.337024,5.2219,3.59186,38.6575
2026-07-04_Mark-Liversedge_Wrist_01__swing_0003,2026-07-04_Mark-Liversedge_Wrist_01,tracker,P4,144,25,3,0,0,,1,r,1,100,1,20260876,1,-10.302,97.7204,-0.701618,0.0888958,0.000839907,0.00208621,0.783993,nan,1.82672,nan,nan,0.00888616,0.000955715,0.0745632,8.31948,7.14431,46.1816
2026-07-04_Mark-Liversedge_Wrist_01__swing_0003,2026-07-04_Mark-Liversedge_Wrist_01,tracker,P3,144,25,3,0,0,,1,tr|r,1,100,0.99,20260877,1,-10.302,98.5573,-0.701618,0.0888958,-0.00175489,0.00111394,0.815762,nan,nan,nan,nan,0.00881481,0.00030095,0.0310185,8.75169,7.15681,46.3537
2026-07-04_Mark-Liversedge_Wrist_01__swing_0004,2026-07-04_Mark-Liversedge_Wrist_01,tracker,P7,148,25,3,0,0,,1,r,1,100,0.86,20260878,1,1.03595,81.073,-0.682995,0.0658232,-0.0162488,0.00118019,0.834906,0.494566,2.38258,0.00516531,0.0046546,0.0190306,0.00146926,0.271467,3.71803,2.57235,47.3941
2026-07-04_Mark-Liversedge_Wrist_01__swing_0004,2026-07-04_Mark-Liversedge_Wrist_01,tracker,P4,148,25,3,0,0,,1,r,1,100,0.99,20260879,1,-10.302,94.7611,-0.701618,0.0888958,-0.00648275,0.00199266,0.82809,nan,1.77629,nan,nan,0.0142013,0.00106386,0.0883888,6.78963,4.79185,57.1025
2026-07-04_Mark-Liversedge_Wrist_01__swing_0004,2026-07-04_Mark-Liversedge_Wrist_01,tracker,P3,148,25,3,0,0,,1,tr|r,1,100,0.99,20260880,1,-10.302,98.5573,-0.701618,0.0888958,-0.00175489,0.00111394,0.815762,nan,nan,nan,nan,0.00731481,0.00030095,0.0310185,6.72211,4.42149,60.3084
2026-07-04_Mark-Liversedge_Wrist_01__swing_0005,2026-07-04_Mark-Liversedge_Wrist_01,tracker,P7,128,25,2,0,0,,1,tr|r,1,100,0.93,20260881,1,-0.574006,81.1883,-0.68603,0.0619027,-0.00134542,0.00435221,0.865052,0.668994,2.77607,0.00579059,0.00459069,0.0286138,0.00269737,0.286136,4.67786,3.28337,30.2727
2026-07-04_Mark-Liversedge_Wrist_01__swing_0005,2026-07-04_Mark-Liversedge_Wrist_01,tracker,P4,128,25,2,0,0,,1,tr|r,1,100,1,20260882,1,-10.302,93.4037,-0.701618,0.0888958,-0.0159941,0.00406442,0.878744,nan,1.93382,nan,nan,0.0144968,0.0013254,0.0912442,7.28746,5.22731,36.2183
2026-07-04_Mark-Liversedge_Wrist_01__swing_0005,2026-07-04_Mark-Liversedge_Wrist_01,tracker,P3,128,25,2,0,0,,1,tr|wr|r,1,100,0.99,20260883,1,-10.302,98.5573,-0.701618,0.0888958,-0.0120562,0.00120658,0.841318,nan,nan,nan,nan,0,0,0,7.90096,6.05511,43.2612
2026-07-04_Mark-Liversedge_Wrist_01__swing_0006,2026-07-04_Mark-Liversedge_Wrist_01,tracker,P7,127,22,0,0,1,b0|A|r,0,,1,100,0,20260884,1,-90,300,-0.0887503,0.0717325,-0.199615,0.0790667,1.5,0,135.691,0.384692,0.0655852,0.104029,0.0495,0.579672,35.3347,45.9999,631.826
2026-07-04_Mark-Liversedge_Wrist_01__swing_0006,2026-07-04_Mark-Liversedge_Wrist_01,tracker,P4,127,22,0,0,1,A,1,tr|wr|r,1,100,0,20260885,1,-10.302,0,-0.701618,0.0888958,-0.0227159,0.0253041,0.89903,nan,0,nan,nan,0.00115364,0.000470007,0.0184805,43.848,123.481,1434.22
2026-07-04_Mark-Liversedge_Wrist_01__swing_0006,2026-07-04_Mark-Liversedge_Wrist_01,tracker,P3,127,22,0,0,1,tr|wr|r,0,,1,100,0,20260886,1,-10.302,98.5573,-0.701618,0.0888958,-0.2,0.1,1.5,nan,nan,nan,nan,0,0.0495,0,22.8132,126.036,1567.56
2026-07-04_Mark-Liversedge_Wrist_01__swing_0008,2026-07-04_Mark-Liversedge_Wrist_01,tracker,P7,134,25,2,0,0,,1,r,1,100,0.74,20260887,1,1.68211,79.7064,-0.693691,0.0740237,-0.0046464,0.00213859,0.781841,1.92027,3.96407,0.00420451,0.00994375,0.0240217,0.0017787,0.357332,3.77135,2.31382,33.5924
2026-07-04_Mark-Liversedge_Wrist_01__swing_0008,2026-07-04_Mark-Liversedge_Wrist_01,tracker,P4,134,25,2,0,0,,1,tr|r,1,100,0.97,20260888,1,-10.302,94.3345,-0.701618,0.0888958,-0.0016294,0.00113991,0.825185,nan,1.52528,nan,nan,0.0143637,0.000984921,0.0786501,7.0125,5.97924,41.1551
2026-07-04_Mark-Liversedge_Wrist_01__swing_0008,2026-07-04_Mark-Liversedge_Wrist_01,tracker,P3,134,25,2,0,0,,1,tr|r,1,100,1,20260889,1,-10.302,98.5573,-0.701618,0.0888958,-0.00175489,0.00111394,0.815762,nan,nan,nan,nan,0.00881481,0.00030095,0.0310185,7.56647,4.81033,45.7535
2026-07-04_Mark-Liversedge_Wrist_01__swing_0009,2026-07-04_Mark-Liversedge_Wrist_01,tracker,P7,135,28,6,0,0,,1,tr|r,1,100,0.67,20260890,1,-0.722071,90.8118,-0.672969,0.0845174,0.0157599,0.00114945,0.68053,6.15392,11.2155,0.00608104,0.0230733,0.0168711,0.00126777,0.399201,3.53984,2.63914,45.3521
2026-07-04_Mark-Liversedge_Wrist_01__swing_0009,2026-07-04_Mark-Liversedge_Wrist_01,tracker,P4,135,28,6,0,0,,1,r,1,100,0.99,20260891,1,-10.302,99.636,-0.701618,0.0888958,0.00423304,0.0012695,0.786293,nan,1.28042,nan,nan,0.00958333,0.000604317,0.098048,6.30963,4.21667,48.6488
2026-07-04_Mark-Liversedge_Wrist_01__swing_0009,2026-07-04_Mark-Liversedge_Wrist_01,tracker,P3,135,28,6,0,0,,1,tr|r,1,100,0.83,20260892,1,-10.302,98.5573,-0.701618,0.0888958,0.0187148,0.0014285,0.734952,nan,nan,nan,nan,0.0118434,0.00035454,0.0778178,5.99562,4.21565,48.9593
2026-07-04_Mark-Liversedge_Wrist_01__swing_0010,2026-07-04_Mark-Liversedge_Wrist_01,tracker,P7,113,22,0,0,1,b0|wc|tr|wr|r,0,,1,100,0,20260893,1,-90,55.1064,-0.890508,0.002,-0.2,0.1,1.5,0,60.0981,0.418448,0.168002,0.108715,0.0419743,0.475017,29.0058,46.0104,523.724
2026-07-04_Mark-Liversedge_Wrist_01__swing_0010,2026-07-04_Mark-Liversedge_Wrist_01,tracker,P4,113,22,0,0,1,A,1,tr|wr|r,1,100,0,20260894,1,-10.302,0,-0.701618,0.0888958,-0.0211266,0.0258031,0.879606,nan,0,nan,nan,0.000806595,0.0002605,0.0101503,42.41,122.531,1387.31
2026-07-04_Mark-Liversedge_Wrist_01__swing_0010,2026-07-04_Mark-Liversedge_Wrist_01,tracker,P3,113,22,0,0,1,tr|wr|r,0,,1,100,0,20260895,1,-10.302,98.5573,-0.701618,0.0888958,-0.2,0.1,1.5,nan,nan,nan,nan,0,0.0495,0,23.1555,127.826,1579.66
2026-07-04_Mark-Liversedge_Wrist_01__swing_0011,2026-07-04_Mark-Liversedge_Wrist_01,tracker,P7,132,28,7,0,1,wr,1,r,1,100,0.45,20260896,1,-10.8025,100.95,-0.691458,0.125541,-0.0114636,0.00102273,0.798299,43.8255,89.8798,0.134222,0.206947,0.0705073,0.00655806,0.715026,7.18921,4.74725,58.6691
2026-07-04_Mark-Liversedge_Wrist_01__swing_0011,2026-07-04_Mark-Liversedge_Wrist_01,tracker,P4,132,28,7,0,0,,1,r,1,100,1,20260897,1,-10.302,95.556,-0.701618,0.0888958,0.00261082,0.0021556,0.801701,nan,1.8671,nan,nan,0.0106914,0.000865767,0.0678581,5.21865,3.00354,62.823
2026-07-04_Mark-Liversedge_Wrist_01__swing_0011,2026-07-04_Mark-Liversedge_Wrist_01,tracker,P3,132,28,7,0,1,wr,1,r,1,100,0.35,20260898,1,-10.302,98.5573,-0.701618,0.0888958,-0.0016858,0.0010874,0.821582,nan,nan,nan,nan,0.00731481,0.000314218,0.0310185,5.58337,4.19909,65.0912
2026-07-04_Mark-Liversedge_Wrist_01__swing_0012,2026-07-04_Mark-Liversedge_Wrist_01,tracker,P7,125,25,2,0,1,b0|tc|wc,1,A|tr|wr|r,1,100,0,20260899,1,-90,75.8409,-0.0512581,0.002395,0.0170199,0.0573343,0.0195757,0,143.282,0.380223,0.0454758,0.109152,0.0495,0.47989,42.0101,44.9123,593.33
2026-07-04_Mark-Liversedge_Wrist_01__swing_0012,2026-07-04_Mark-Liversedge_Wrist_01,tracker,P4,125,25,2,0,1,A,1,tr|wr|r,1,100,0,20260900,1,-10.302,0,-0.701618,0.0888958,-0.0211266,0.0258031,0.879606,nan,0,nan,nan,0.00103409,0.000470007,0.0184805,42.0101,124.426,1432.65
2026-07-04_Mark-Liversedge_Wrist_01__swing_0012,2026-07-04_Mark-Liversedge_Wrist_01,tracker,P3,125,25,2,0,1,tr|wr|r,0,,1,100,0,20260901,1,-10.302,98.5573,-0.701618,0.0888958,-0.2,0.1,1.5,nan,nan,nan,nan,0,0.0495,0,26.9498,124.8,1582.93
2026-07-04_Mark-Liversedge_Wrist_01__swing_0013,2026-07-04_Mark-Liversedge_Wrist_01,tracker,P7,139,26,5,0,0,,1,r,1,100,0.43,20260902,1,3.16103,82.6677,-0.656897,0.0636937,0.0189274,0.00120718,0.583557,1.19066,3.61217,0.0061291,0.00782647,0.00901368,0.00844094,0.594636,5.39072,3.61586,39.9086
2026-07-04_Mark-Liversedge_Wrist_01__swing_0013,2026-07-04_Mark-Liversedge_Wrist_01,tracker,P4,139,26,5,0,1,wr,1,r,1,100,0.46,20260903,1,-10.302,96.3324,-0.701618,0.0888958,0.0181916,0.00105853,0.681557,nan,1.79572,nan,nan,0.00226957,0.0032008,0.41651,10.509,7.22718,48.7165
2026-07-04_Mark-Liversedge_Wrist_01__swing_0013,2026-07-04_Mark-Liversedge_Wrist_01,tracker,P3,139,26,5,0,1,wr,1,r,1,100,0.18,20260904,1,-10.302,98.5573,-0.701618,0.0888958,0.0194353,0.00108076,0.814508,nan,nan,nan,nan,0.00205491,0.000260978,0.345298,10.4759,7.5574,50.0048
2026-07-04_Mark-Liversedge_Wrist_01__swing_0014,2026-07-04_Mark-Liversedge_Wrist_01,tracker,P7,132,25,2,0,0,,1,tr|r,1,100,0.92,20260905,1,1.34568,80.281,-0.6752,0.0675888,-0.014613,0.00140143,0.715494,1.67499,3.43681,0.00599245,0.00675803,0.0292887,0.00236432,0.223562,4.8407,3.27527,24.5882
2026-07-04_Mark-Liversedge_Wrist_01__swing_0014,2026-07-04_Mark-Liversedge_Wrist_01,tracker,P4,132,25,2,0,0,,1,tr|r,1,100,0.99,20260906,1,-10.302,93.3498,-0.701618,0.0888958,-0.0139746,0.00403954,0.877191,nan,1.68811,nan,nan,0.0185851,0.00139852,0.137279,6.98925,4.53487,28.3707
2026-07-04_Mark-Liversedge_Wrist_01__swing_0014,2026-07-04_Mark-Liversedge_Wrist_01,tracker,P3,132,25,2,0,0,,1,tr|r,1,100,0.99,20260907,1,-10.302,98.5573,-0.701618,0.0888958,-0.0120562,0.00120658,0.841318,nan,nan,nan,nan,0,0,0,8.03182,5.47584,35.5756
2026-07-04_Mark-Liversedge_Wrist_01__swing_0015,2026-07-04_Mark-Liversedge_Wrist_01,tracker,P7,134,25,2,0,0,,1,tr|r,1,100,0.96,20260908,1,-3.20735,84.9812,-0.682034,0.0843338,-0.00878579,0.00126943,0.887327,5.0821,9.01917,0.00972713,0.028753,0.021958,0.0021884,0.177731,5.40077,3.65485,41.3643
2026-07-04_Mark-Liversedge_Wrist_01__swing_0015,2026-07-04_Mark-Liversedge_Wrist_01,tracker,P4,134,25,2,0,0,,1,tr|r,1,100,0.98,20260909,1,-10.302,91.8694,-0.701618,0.0888958,-0.0142626,0.00393677,0.867224,nan,1.63221,nan,nan,0.0186419,0.00172946,0.209168,7.42869,5.29136,43.8621
2026-07-04_Mark-Liversedge_Wrist_01__swing_0015,2026-07-04_Mark-Liversedge_Wrist_01,tracker,P3,134,25,2,0,0,,1,tr|r,1,100,1,20260910,1,-10.302,98.5573,-0.701618,0.0888958,-0.0120562,0.00120658,0.841318,nan,nan,nan,nan,0,0,0,8.02647,5.76441,54.3052
2026-07-05_Mark-Liversedge_Wrist_02__swing_0001,2026-07-05_Mark-Liversedge_Wrist_02,tracker,P7,179,37,14,1,0,,0,,1,100,1,20260911,0,-9.78927,96.9171,-0.694662,0.0842632,-0.0427094,0.0145858,0.852874,0.773044,3.19525,0.00630374,0.00906849,0.00465806,0.00207133,0.07889,3.34254,2.20953,18.3037
2026-07-05_Mark-Liversedge_Wrist_02__swing_0001,2026-07-05_Mark-Liversedge_Wrist_02,tracker,P4,179,37,14,1,0,,0,,1,100,1,20260912,0,-10.302,97.3038,-0.701618,0.0888958,-0.0426823,0.0145183,0.847197,nan,1.71153,nan,nan,0.00377162,0.00211262,0.0649763,3.87828,2.63247,18.5868
2026-07-05_Mark-Liversedge_Wrist_02__swing_0001,2026-07-05_Mark-Liversedge_Wrist_02,tracker,P3,179,37,14,1,0,,0,,1,100,1,20260913,0,-10.302,98.5573,-0.701618,0.0888958,-0.0430515,0.015035,0.854944,nan,nan,nan,nan,0.00386108,0.00198694,0.0735652,3.82958,2.69435,18.8872
2026-07-05_Mark-Liversedge_Wrist_02__swing_0001,2026-07-05_Mark-Liversedge_Wrist_02,truth,P7,63,16,5,0,1,b0,0,,1,100,0.2,20260914,0,-90,190.43,-0.839332,0.251887,-0.0877302,0.0144436,0.190208,18.7711,24.6112,0.0565607,0.0544239,0.063209,0.0145453,0.64735,3.50908,2.71548,11.5265
2026-07-05_Mark-Liversedge_Wrist_02__swing_0001,2026-07-05_Mark-Liversedge_Wrist_02,truth,P4,63,16,5,1,0,,0,,1,100,0.73,20260915,0,-10.302,90.5589,-0.701618,0.0888958,-0.0788062,0.0146442,0.254845,nan,1.63501,nan,nan,0.0487488,0.0103231,0.670875,5.21789,3.79582,19.4299
2026-07-05_Mark-Liversedge_Wrist_02__swing_0001,2026-07-05_Mark-Liversedge_Wrist_02,truth,P3,63,16,5,0,1,tr|wr,0,,1,100,0.3,20260916,0,-10.302,98.5573,-0.701618,0.0888958,0.02,0.1,0.785204,nan,nan,nan,nan,0.11,0.0495,0.633367,7.79223,7.88107,36.9662
2026-07-05_Mark-Liversedge_Wrist_02__swing_0002,2026-07-05_Mark-Liversedge_Wrist_02,tracker,P7,185,37,14,1,0,,0,,1,100,1,20260917,0,-17.2295,107.532,-0.694534,0.0886503,-0.0254315,0.0183429,1.10101,0.692942,1.86371,0.00520903,0.00694505,0.0100269,0.00324919,0.243636,3.88958,2.7834,15.7973
2026-07-05_Mark-Liversedge_Wrist_02__swing_0002,2026-07-05_Mark-Liversedge_Wrist_02,tracker,P4,185,37,14,1,0,,0,,1,100,1,20260918,0,-10.302,98.7422,-0.701618,0.0888958,-0.0258325,0.0172351,1.14865,nan,1.54574,nan,nan,0.00820211,0.00263598,0.237224,5.58163,5.92542,26.5724
2026-07-05_Mark-Liversedge_Wrist_02__swing_0002,2026-07-05_Mark-Liversedge_Wrist_02,tracker,P3,185,37,14,1,0,,0,,1,100,1,20260919,0,-10.302,98.5573,-0.701618,0.0888958,-0.0258273,0.0171405,1.14694,nan,nan,nan,nan,0.00790727,0.00275533,0.22631,5.59788,6.00742,26.5793
2026-07-05_Mark-Liversedge_Wrist_02__swing_0002,2026-07-05_Mark-Liversedge_Wrist_02,truth,P7,47,10,0,0,1,tr,0,,0,100,0.26,20260920,0,-18.5625,128.388,-0.570664,0.194365,-0.2,0.0122977,0.169194,54.9637,81.0328,0.189084,0.158695,0.105401,0.0146706,0.712472,5.03484,3.65719,11.4331
2026-07-05_Mark-Liversedge_Wrist_02__swing_0002,2026-07-05_Mark-Liversedge_Wrist_02,truth,P4,47,10,0,0,0,,1,tr|r,1,100,0.91,20260921,0,-10.302,93.2731,-0.701618,0.0888958,0.017146,0.0129801,0.822699,nan,1.72375,nan,nan,0.109658,0.00344308,0.516334,3.98616,2.78838,25.0466
2026-07-05_Mark-Liversedge_Wrist_02__swing_0002,2026-07-05_Mark-Liversedge_Wrist_02,truth,P3,47,10,0,0,1,tr,0,,1,100,0.15,20260922,0,-10.302,98.5573,-0.701618,0.0888958,-0.2,0.00814546,0.0866837,nan,nan,nan,nan,0.0194976,0.0494999,0.72363,3.2958,4.83872,33.897
2026-07-05_Mark-Liversedge_Wrist_02__swing_0003,2026-07-05_Mark-Liversedge_Wrist_02,tracker,P7,186,38,15,1,0,,0,,1,100,1,20260923,0,-10.0204,95.6407,-0.703051,0.0964355,-0.0375737,0.0153532,0.7096,0.880368,3.50157,0.00657385,0.0092441,0.00998583,0.00388222,0.150141,3.26055,2.21787,17.1642
2026-07-05_Mark-Liversedge_Wrist_02__swing_0003,2026-07-05_Mark-Liversedge_Wrist_02,tracker,P4,186,38,15,1,0,,0,,1,100,1,20260924,0,-10.302,95.3861,-0.701618,0.0888958,-0.0372543,0.0152111,0.705946,nan,1.485,nan,nan,0.010918,0.00369068,0.159696,3.02309,2.12865,17.6059
2026-07-05_Mark-Liversedge_Wrist_02__swing_0003,2026-07-05_Mark-Liversedge_Wrist_02,tracker,P3,186,38,15,1,0,,0,,1,100,1,20260925,0,-10.302,98.5573,-0.701618,0.0888958,-0.0391269,0.0162895,0.718942,nan,nan,nan,nan,0.00883629,0.00328597,0.130316,3.59166,2.34925,19.5023
2026-07-05_Mark-Liversedge_Wrist_02__swing_0003,2026-07-05_Mark-Liversedge_Wrist_02,truth,P7,75,21,0,0,1,b0,1,tr|r,1,100,0.02,20260926,0,-90,198.438,-0.838614,0.292404,-0.013606,0.00180321,1.27465,13.6997,23.4156,0.0551709,0.0691652,0.0731059,0.0386561,0.749986,6.76199,4.4273,20.0082
2026-07-05_Mark-Liversedge_Wrist_02__swing_0003,2026-07-05_Mark-Liversedge_Wrist_02,truth,P4,75,21,0,0,0,,1,tr|r,1,100,1,20260927,0,-10.302,92.9954,-0.701618,0.0888958,-0.0218836,0.00363627,0.936202,nan,2.00725,nan,nan,0.0151245,0.0013539,0.126794,6.77828,4.67225,33.47
2026-07-05_Mark-Liversedge_Wrist_02__swing_0003,2026-07-05_Mark-Liversedge_Wrist_02,truth,P3,75,21,0,0,0,,1,tr|wr|r,1,100,1,20260928,0,-10.302,98.5573,-0.701618,0.0888958,-0.0120562,0.00120658,0.841318,nan,nan,nan,nan,0,0,0,7.67839,6.32276,42.9715
2026-07-05_Mark-Liversedge_Wrist_02__swing_0004,2026-07-05_Mark-Liversedge_Wrist_02,tracker,P7,150,37,15,1,0,,0,,1,100,1,20260929,0,-4.51921,89.5008,-0.679169,0.0633234,-0.0337832,0.016491,0.856341,1.50889,2.65081,0.00616377,0.00679337,0.011298,0.00376958,0.211284,6.09138,4.07203,24.411
2026-07-05_Mark-Liversedge_Wrist_02__swing_0004,2026-07-05_Mark-Liversedge_Wrist_02,tracker,P4,150,37,15,1,0,,0,,1,100,1,20260930,0,-10.302,96.4619,-0.701618,0.0888958,-0.0344806,0.016838,0.8067,nan,1.69367,nan,nan,0.012307,0.00387238,0.19279,6.18233,4.40513,28.3721
2026-07-05_Mark-Liversedge_Wrist_02__swing_0004,2026-07-05_Mark-Liversedge_Wrist_02,tracker,P3,150,37,15,1,0,,0,,1,100,1,20260931,0,-10.302,98.5573,-0.701618,0.0888958,-0.0356755,0.0175585,0.812798,nan,nan,nan,nan,0.0153129,0.00503483,0.242953,7.07429,4.81781,29.3695
2026-07-05_Mark-Liversedge_Wrist_02__swing_0004,2026-07-05_Mark-Liversedge_Wrist_02,truth,P7,43,21,0,0,1,wc,1,tr|r,1,100,0.13,20260932,0,-64.5307,222.394,-0.554126,0.5,0.0186224,0.0084401,0.250242,51.6201,107.999,0.390332,0.234532,0.107599,0.0494731,0.74551,9.1818,6.21993,47.0817
2026-07-05_Mark-Liversedge_Wrist_02__swing_0004,2026-07-05_Mark-Liversedge_Wrist_02,truth,P4,43,21,0,0,0,,1,tr|r,1,100,1,20260933,0,-10.302,89.6866,-0.701618,0.0888958,0.000965223,0.00615776,0.717191,nan,2.81009,nan,nan,0.0158805,0.0012583,0.13183,6.73499,5.23956,59.4221
2026-07-05_Mark-Liversedge_Wrist_02__swing_0004,2026-07-05_Mark-Liversedge_Wrist_02,truth,P3,43,21,0,0,0,,1,tr|wr|r,1,100,1,20260934,0,-10.302,98.5573,-0.701618,0.0888958,-0.0120562,0.00120658,0.841318,nan,nan,nan,nan,0,0,0,6.80327,11.5054,83.9789
2026-07-05_Mark-Liversedge_Wrist_02__swing_0005,2026-07-05_Mark-Liversedge_Wrist_02,tracker,P7,184,38,15,1,0,,0,,1,100,0.99,20260935,0,-9.10023,95.4725,-0.696319,0.0697104,-0.0299644,0.0158086,0.75751,0.401853,2.05612,0.0052181,0.00413992,0.0124951,0.00386307,0.20411,3.39941,2.64609,18.0931
2026-07-05_Mark-Liversedge_Wrist_02__swing_0005,2026-07-05_Mark-Liversedge_Wrist_02,tracker,P4,184,38,15,1,0,,0,,1,100,1,20260936,0,-10.302,98.1257,-0.701618,0.0888958,-0.0308717,0.0162687,0.751466,nan,1.66171,nan,nan,0.0120956,0.00421537,0.195097,3.89324,2.85866,20.4813
2026-07-05_Mark-Liversedge_Wrist_02__swing_0005,2026-07-05_Mark-Liversedge_Wrist_02,tracker,P3,184,38,15,1,0,,0,,1,100,1,20260937,0,-10.302,98.5573,-0.701618,0.0888958,-0.0311605,0.0164108,0.752218,nan,nan,nan,nan,0.011589,0.0041326,0.196318,3.96272,2.83507,20.5177
2026-07-05_Mark-Liversedge_Wrist_02__swing_0005,2026-07-05_Mark-Liversedge_Wrist_02,truth,P7,53,14,0,1,0,,0,,1,100,0.65,20260938,0,21.4653,61.8667,-0.642098,0.0266832,-0.176261,0.00204082,0.049593,3.69437,4.34612,0.0169414,0.0205292,0.0997255,0.0492649,0.731645,4.23336,2.98527,11.4957
2026-07-05_Mark-Liversedge_Wrist_02__swing_0005,2026-07-05_Mark-Liversedge_Wrist_02,truth,P4,53,14,0,0,1,wr,0,,1,100,0.67,20260939,0,-10.302,93.9807,-0.701618,0.0888958,-0.174892,0.0010065,0.0345786,nan,2.03557,nan,nan,0.100205,0.0326212,0.734569,3.82301,2.74207,20.7077
2026-07-05_Mark-Liversedge_Wrist_02__swing_0005,2026-07-05_Mark-Liversedge_Wrist_02,truth,P3,53,14,0,0,1,tr|wr,0,,1,100,0.04,20260940,0,-10.302,98.5573,-0.701618,0.0888958,-0.2,0.1,0.119129,nan,nan,nan,nan,9.68541e-08,0.00935551,0.0362099,4.44958,4.10444,22.8905
2026-07-05_Mark-Liversedge_Wrist_02__swing_0006,2026-07-05_Mark-Liversedge_Wrist_02,tracker,P7,180,37,14,1,0,,0,,1,100,1,20260941,0,-15.368,104.395,-0.686602,0.089219,-0.0314991,0.0145929,0.894866,1.30418,2.86014,0.00597353,0.00994697,0.0107779,0.00300087,0.211259,5.09686,3.49496,26.9617
2026-07-05_Mark-Liversedge_Wrist_02__swing_0006,2026-07-05_Mark-Liversedge_Wrist_02,tracker,P4,180,37,14,1,0,,0,,1,100,1,20260942,0,-10.302,96.9034,-0.701618,0.0888958,-0.0314203,0.0133613,0.912938,nan,2.20535,nan,nan,0.00730706,0.00257796,0.195921,6.10413,6.17668,34.8575
2026-07-05_Mark-Liversedge_Wrist_02__swing_0006,2026-07-05_Mark-Liversedge_Wrist_02,tracker,P3,180,37,14,1,0,,0,,1,100,0.99,20260943,0,-10.302,98.5573,-0.701618,0.0888958,-0.0314793,0.0142098,0.932018,nan,nan,nan,nan,0.00727383,0.00285606,0.153681,5.59434,6.59722,35.3797
2026-07-05_Mark-Liversedge_Wrist_02__swing_0006,2026-07-05_Mark-Liversedge_Wrist_02,truth,P7,64,22,3,0,1,b0,0,,1,100,0.46,20260944,0,-90,212.169,-0.754253,0.326583,-0.0413965,0.0116805,0.422033,50.5923,90.9148,0.160529,0.193549,0.0189303,0.00689963,0.640962,6.61255,4.45348,27.0718
2026-07-05_Mark-Liversedge_Wrist_02__swing_0006,2026-07-05_Mark-Liversedge_Wrist_02,truth,P4,64,22,3,0,1,r,0,,1,100,0.82,20260945,0,-10.302,91.7268,-0.701618,0.0888958,-0.0213667,0.0111203,1.49881,nan,2.25951,nan,nan,0.0132605,0.00297132,0.607329,8.25817,5.58181,50.149
2026-07-05_Mark-Liversedge_Wrist_02__swing_0006,2026-07-05_Mark-Liversedge_Wrist_02,truth,P3,64,22,3,1,0,,0,,1,100,0.96,20260946,0,-10.302,98.5573,-0.701618,0.0888958,-0.0304016,0.0119373,0.957108,nan,nan,nan,nan,0.0157848,0.00460698,0.551129,7.83267,6.79052,64.7901
2026-07-05_Mark-Liversedge_Wrist_02__swing_0007,2026-07-05_Mark-Liversedge_Wrist_02,tracker,P7,180,37,14,1,0,,0,,1,100,1,20260947,0,-10.0321,96.1432,-0.683665,0.0775791,-0.0272466,0.0164745,0.768075,0.51286,2.78934,0.00759984,0.00701682,0.0135083,0.00492329,0.197845,5.06582,3.49169,22.7681
2026-07-05_Mark-Liversedge_Wrist_02__swing_0007,2026-07-05_Mark-Liversedge_Wrist_02,tracker,P4,180,37,14,1,0,,0,,1,100,1,20260948,0,-10.302,95.8508,-0.701618,0.0888958,-0.0268617,0.0162706,0.764904,nan,1.82397,nan,nan,0.0112815,0.0043172,0.179638,5.36942,4.71907,25.1454
2026-07-05_Mark-Liversedge_Wrist_02__swing_0007,2026-07-05_Mark-Liversedge_Wrist_02,tracker,P3,180,37,14,1,0,,0,,1,100,1,20260949,0,-10.302,98.5573,-0.701618,0.0888958,-0.0285957,0.0172376,0.770781,nan,nan,nan,nan,0.0115517,0.00401149,0.163617,5.87875,4.08329,26.6115
2026-07-05_Mark-Liversedge_Wrist_02__swing_0007,2026-07-05_Mark-Liversedge_Wrist_02,truth,P7,55,21,0,0,1,tr|r,0,,0,100,0,20260950,0,-34.0183,258.394,-0.167062,0.45606,0.02,0.0134967,1.5,25.3378,26.8804,0.218585,0.0396508,0.109999,0.0494967,0.661217,5.00276,3.32052,16.9974
2026-07-05_Mark-Liversedge_Wrist_02__swing_0007,2026-07-05_Mark-Liversedge_Wrist_02,truth,P4,55,21,0,0,0,,1,tr|r,1,100,0.99,20260951,0,-10.302,93.8143,-0.701618,0.0888958,0.000515008,0.00604561,0.77963,nan,2.82284,nan,nan,0.0166676,0.00136048,0.167659,10.5108,6.91601,59.9018
2026-07-05_Mark-Liversedge_Wrist_02__swing_0007,2026-07-05_Mark-Liversedge_Wrist_02,truth,P3,55,21,0,0,0,,1,tr|wr|r,1,100,1,20260952,0,-10.302,98.5573,-0.701618,0.0888958,-0.0120562,0.00120658,0.841318,nan,nan,nan,nan,0,0,0,10.0776,10.1861,67.0051
2026-07-05_Mark-Liversedge_Wrist_02__swing_0008,2026-07-05_Mark-Liversedge_Wrist_02,tracker,P7,179,37,14,1,0,,0,,1,100,1,20260953,0,-9.52102,95.9931,-0.685696,0.0739716,-0.0357873,0.012103,0.671862,0.566339,2.43858,0.00528999,0.00699078,0.00689992,0.00259582,0.0916562,5.53216,3.79973,26.6557
2026-07-05_Mark-Liversedge_Wrist_02__swing_0008,2026-07-05_Mark-Liversedge_Wrist_02,tracker,P4,179,37,14,1,0,,0,,1,100,1,20260954,0,-10.302,96.7441,-0.701618,0.0888958,-0.0357651,0.0120652,0.665693,nan,1.81589,nan,nan,0.00466194,0.00198413,0.0743357,4.48046,4.41878,29.1599
2026-07-05_Mark-Liversedge_Wrist_02__swing_0008,2026-07-05_Mark-Liversedge_Wrist_02,tracker,P3,179,37,14,1,0,,0,,1,100,1,20260955,0,-10.302,98.5573,-0.701618,0.0888958,-0.0364346,0.0128426,0.678868,nan,nan,nan,nan,0.00561321,0.0021589,0.0888783,4.9263,4.71388,29.7874
2026-07-05_Mark-Liversedge_Wrist_02__swing_0008,2026-07-05_Mark-Liversedge_Wrist_02,truth,P7,50,13,0,0,1,b0,1,tr|r,1,100,0,20260956,0,-90,182.857,-0.849791,0.226202,-0.0556013,0.00525743,0.972339,23.0881,33.4914,0.0730544,0.108793,0.0914005,0.0489336,0.75,5.82662,4.5397,17.7608
2026-07-05_Mark-Liversedge_Wrist_02__swing_0008,2026-07-05_Mark-Liversedge_Wrist_02,truth,P4,50,13,0,0,0,,1,tr|r,1,100,1,20260957,0,-10.302,89.2681,-0.701618,0.0888958,-0.00900957,0.00606122,0.782861,nan,2.16455,nan,nan,0.00797866,0.0012242,0.0415432,8.05609,5.43654,24.7479
2026-07-05_Mark-Liversedge_Wrist_02__swing_0008,2026-07-05_Mark-Liversedge_Wrist_02,truth,P3,50,13,0,0,0,,1,tr|wr|r,1,100,0.99,20260958,0,-10.302,98.5573,-0.701618,0.0888958,-0.0120562,0.00120658,0.841318,nan,nan,nan,nan,0,0,0,7.15083,8.87355,52.5306
2026-07-05_Mark-Liversedge_Wrist_02__swing_0009,2026-07-05_Mark-Liversedge_Wrist_02,tracker,P7,179,37,14,1,0,,0,,1,100,1,20260959,0,-10.7442,102.34,-0.678834,0.0817675,-0.0369165,0.0144961,0.799209,0.793629,3.05621,0.00637536,0.00865127,0.00762692,0.00297467,0.139725,4.24041,2.96875,20.2414
2026-07-05_Mark-Liversedge_Wrist_02__swing_0009,2026-07-05_Mark-Liversedge_Wrist_02,tracker,P4,179,37,14,1,0,,0,,1,100,1,20260960,0,-10.302,100.267,-0.701618,0.0888958,-0.036195,0.0140128,0.797008,nan,1.53287,nan,nan,0.00879463,0.00330308,0.18774,4.76324,4.30453,23.8245
2026-07-05_Mark-Liversedge_Wrist_02__swing_0009,2026-07-05_Mark-Liversedge_Wrist_02,tracker,P3,179,37,14,1,0,,0,,1,100,1,20260961,0,-10.302,98.5573,-0.701618,0.0888958,-0.0354016,0.013532,0.79186,nan,nan,nan,nan,0.00834993,0.00300718,0.152152,4.95009,3.95949,24.4062
2026-07-05_Mark-Liversedge_Wrist_02__swing_0009,2026-07-05_Mark-Liversedge_Wrist_02,truth,P7,63,13,0,0,1,tr,1,tr|wr|r,1,100,0.51,20260962,0,-62.2611,152.08,-0.772035,0.148027,0.0199581,0.00118955,1.12283,45.3547,49.8434,0.0887614,0.0546811,0.0757555,0.00604253,0.75,5.02251,3.6687,17.1908
2026-07-05_Mark-Liversedge_Wrist_02__swing_0009,2026-07-05_Mark-Liversedge_Wrist_02,truth,P4,63,13,0,0,0,,1,tr|r,1,100,1,20260963,0,-10.302,93.4617,-0.701618,0.0888958,-0.0163414,0.00781201,0.795542,nan,1.65957,nan,nan,0.0072713,0.00156488,0.0424868,6.62843,5.00726,24.6381
2026-07-05_Mark-Liversedge_Wrist_02__swing_0009,2026-07-05_Mark-Liversedge_Wrist_02,truth,P3,63,13,0,0,0,,1,tr|wr|r,1,100,1,20260964,0,-10.302,98.5573,-0.701618,0.0888958,-0.0120562,0.00120658,0.841318,nan,nan,nan,nan,0,0,0,6.23619,6.28241,33.5144
2026-07-05_Mark-Liversedge_Wrist_02__swing_0010,2026-07-05_Mark-Liversedge_Wrist_02,tracker,P7,183,38,15,1,0,,0,,1,100,1,20260965,0,-13.7788,93.8038,-0.728721,0.0831836,-0.0337635,0.0114223,0.570206,1.95058,2.90866,0.0101331,0.0105625,0.00863432,0.00385494,0.119402,8.687,5.37178,31.9026
2026-07-05_Mark-Liversedge_Wrist_02__swing_0010,2026-07-05_Mark-Liversedge_Wrist_02,tracker,P4,183,38,15,1,0,,0,,1,100,1,20260966,0,-10.302,92.3792,-0.701618,0.0888958,-0.0350412,0.0118941,0.60069,nan,2.6644,nan,nan,0.00912388,0.00344855,0.13727,9.36065,6.5661,35.9446
2026-07-05_Mark-Liversedge_Wrist_02__swing_0010,2026-07-05_Mark-Liversedge_Wrist_02,tracker,P3,183,38,15,1,0,,0,,1,100,0.98,20260967,0,-10.302,98.5573,-0.701618,0.0888958,-0.0380883,0.0140684,0.638547,nan,nan,nan,nan,0.0113655,0.00440083,0.158813,8.69151,7.06656,42.3265
2026-07-05_Mark-Liversedge_Wrist_02__swing_0010,2026-07-05_Mark-Liversedge_Wrist_02,truth,P7,60,13,0,0,1,b0,1,tr,1,100,0.13,20260968,0,-90,170.736,-0.856821,0.158907,0.0149977,0.014098,0.00450372,36.0721,40.7869,0.0686314,0.0417194,0.0814085,0.0222837,0.75,5.77154,3.89544,16.4145
2026-07-05_Mark-Liversedge_Wrist_02__swing_0010,2026-07-05_Mark-Liversedge_Wrist_02,truth,P4,60,13,0,0,0,,1,tr|wr|r,1,100,0.97,20260969,0,-10.302,86.7891,-0.701618,0.0888958,0.0181532,0.00642942,0.697643,nan,1.79378,nan,nan,0.034248,0.0027927,0.327337,5.64061,3.80074,17.8825
2026-07-05_Mark-Liversedge_Wrist_02__swing_0010,2026-07-05_Mark-Liversedge_Wrist_02,truth,P3,60,13,0,0,1,tr|wr,0,,1,100,0.33,20260970,0,-10.302,98.5573,-0.701618,0.0888958,-0.2,0.1,0.28909,nan,nan,nan,nan,0.0939719,0.0493967,0.313773,5.73722,7.12503,38.9425
2026-07-08_Mark-Liversedge_Wrist_01__swing_0001,2026-07-08_Mark-Liversedge_Wrist_01,tracker,P7,149,25,2,0,0,,1,tr|r,1,100,0.82,20260971,0,4.70388,77.1851,-0.717852,0.0556141,0.002507,0.00525449,0.659627,0.8994,1.94986,0.00582616,0.00436053,0.0370842,0.00373579,0.425828,5.19316,3.77624,23.3653
2026-07-08_Mark-Liversedge_Wrist_01__swing_0001,2026-07-08_Mark-Liversedge_Wrist_01,tracker,P4,149,25,2,0,0,,1,tr|r,1,100,0.96,20260972,0,-10.302,97.5599,-0.701618,0.0888958,-0.00868537,0.00523853,0.777103,nan,2.16193,nan,nan,0.0445973,0.0023744,0.19965,11.6826,9.53257,57.0694
2026-07-08_Mark-Liversedge_Wrist_01__swing_0001,2026-07-08_Mark-Liversedge_Wrist_01,tracker,P3,149,25,2,0,0,,1,tr|wr|r,1,100,0.97,20260973,0,-10.302,98.5573,-0.701618,0.0888958,-0.0120562,0.00120658,0.841318,nan,nan,nan,nan,0.0359455,0.002875,0.107021,12.2764,9.35438,57.3065
2026-07-08_Mark-Liversedge_Wrist_01__swing_0002,2026-07-08_Mark-Liversedge_Wrist_01,tracker,P7,155,36,14,1,0,,0,,1,100,1,20260974,0,5.9897,79.4998,-0.694984,0.0583876,-0.0362192,0.0143759,1.02033,0.769868,1.56577,0.00515998,0.0045922,0.00882006,0.00327578,0.214093,4.92725,3.50392,15.7936
2026-07-08_Mark-Liversedge_Wrist_01__swing_0002,2026-07-08_Mark-Liversedge_Wrist_01,tracker,P4,155,36,14,1,0,,0,,1,100,1,20260975,0,-10.302,100.02,-0.701618,0.0888958,-0.0372795,0.0161188,0.875967,nan,1.54474,nan,nan,0.0114581,0.00378316,0.205945,9.57889,6.9296,36.1885
2026-07-08_Mark-Liversedge_Wrist_01__swing_0002,2026-07-08_Mark-Liversedge_Wrist_01,tracker,P3,155,36,14,1,0,,0,,1,100,1,20260976,0,-10.302,98.5573,-0.701618,0.0888958,-0.0369911,0.0154452,0.864195,nan,nan,nan,nan,0.0105045,0.00414409,0.212343,8.93603,7.62558,36.6787
2026-07-08_Mark-Liversedge_Wrist_01__swing_0003,2026-07-08_Mark-Liversedge_Wrist_01,tracker,P7,136,22,0,0,0,,1,r,1,100,0.86,20260977,0,7.85964,74.6006,-0.710138,0.0561503,-0.0684097,0.0022015,0.842926,1.36137,2.25232,0.00532237,0.00511028,0.0545821,0.0163771,0.635344,4.76923,3.21759,18.6166
2026-07-08_Mark-Liversedge_Wrist_01__swing_0003,2026-07-08_Mark-Liversedge_Wrist_01,tracker,P4,136,22,0,0,0,,1,tr|r,1,100,0.92,20260978,0,-10.302,98.7148,-0.701618,0.0888958,-0.000233176,0.00648458,0.728419,nan,3.6598,nan,nan,0.102401,0.0482245,0.298081,11.3757,10.1366,51.3559
2026-07-08_Mark-Liversedge_Wrist_01__swing_0003,2026-07-08_Mark-Liversedge_Wrist_01,tracker,P3,136,22,0,0,0,,1,tr|wr|r,1,100,0.91,20260979,0,-10.302,98.5573,-0.701618,0.0888958,-0.0120562,0.00120658,0.841318,nan,nan,nan,nan,0.0939719,0.0493967,0.357581,11.2669,10.2164,51.3618
2026-07-08_Mark-Liversedge_Wrist_01__swing_0004,2026-07-08_Mark-Liversedge_Wrist_01,tracker,P7,122,23,0,0,0,,1,tr|wr|r,1,100,0.74,20260980,0,7.4016,78.0267,-0.674209,0.0473262,0.00889429,0.00441702,0.0613839,1.20679,2.43227,0.00577556,0.00405719,0.0646081,0.00941608,0.719221,7.35609,4.79817,28.1771
2026-07-08_Mark-Liversedge_Wrist_01__swing_0004,2026-07-08_Mark-Liversedge_Wrist_01,tracker,P4,122,23,0,0,0,,1,tr|r,1,100,1,20260981,0,-10.302,98.8997,-0.701618,0.0888958,0.00703814,0.004975,0.726975,nan,2.20173,nan,nan,0.0200505,0.00143302,0.140797,9.44693,6.48331,38.5521
2026-07-08_Mark-Liversedge_Wrist_01__swing_0004,2026-07-08_Mark-Liversedge_Wrist_01,tracker,P3,122,23,0,0,0,,1,tr|wr|r,1,100,1,20260982,0,-10.302,98.5573,-0.701618,0.0888958,-0.0120562,0.00120658,0.841318,nan,nan,nan,nan,0,0,0,9.3232,6.50209,38.5857
2026-07-08_Mark-Liversedge_Wrist_01__swing_0006,2026-07-08_Mark-Liversedge_Wrist_01,tracker,P7,126,25,2,0,1,tr,1,tr|r,1,100,0.75,20260983,0,5.81135,77.8191,-0.67979,0.0482146,0.0199527,0.00721683,0.836779,3.16848,4.683,0.00991893,0.00639324,0.109824,0.0471813,0.747643,6.38827,4.07041,52.9312
2026-07-08_Mark-Liversedge_Wrist_01__swing_0006,2026-07-08_Mark-Liversedge_Wrist_01,tracker,P4,126,25,2,0,0,,1,tr|r,1,100,0.96,20260984,0,-10.302,97.4729,-0.701618,0.0888958,-0.00825689,0.00476039,0.783181,nan,2.68825,nan,nan,0.0458002,0.0020689,0.188808,6.79149,4.75728,63.3087
2026-07-08_Mark-Liversedge_Wrist_01__swing_0006,2026-07-08_Mark-Liversedge_Wrist_01,tracker,P3,126,25,2,0,0,,1,tr|wr|r,1,100,1,20260985,0,-10.302,98.5573,-0.701618,0.0888958,-0.0120562,0.00120658,0.841318,nan,nan,nan,nan,0,0,0,7.28977,4.96872,63.5899
2026-07-08_Mark-Liversedge_Wrist_01__swing_0007,2026-07-08_Mark-Liversedge_Wrist_01,tracker,P7,142,37,14,1,0,,0,,1,100,0.98,20260986,0,6.21957,76.9929,-0.690559,0.052394,-0.0252313,0.0123629,0.790865,1.79044,2.43854,0.00828093,0.00578731,0.0126573,0.0045078,0.239766,5.71031,3.99265,36.2569
2026-07-08_Mark-Liversedge_Wrist_01__swing_0007,2026-07-08_Mark-Liversedge_Wrist_01,tracker,P4,142,37,14,1,0,,0,,1,100,0.96,20260987,0,-10.302,97.4445,-0.701618,0.0888958,-0.0269547,0.0138463,0.675567,nan,2.39773,nan,nan,0.0104005,0.00417103,0.160597,8.12528,5.77748,49.6428
2026-07-08_Mark-Liversedge_Wrist_01__swing_0007,2026-07-08_Mark-Liversedge_Wrist_01,tracker,P3,142,37,14,1,0,,0,,1,100,0.94,20260988,0,-10.302,98.5573,-0.701618,0.0888958,-0.0272713,0.0144003,0.685582,nan,nan,nan,nan,0.0271905,0.0103788,0.256439,8.73111,5.93507,49.9211
2026-07-08_Mark-Liversedge_Wrist_01__swing_0008,2026-07-08_Mark-Liversedge_Wrist_01,tracker,P7,128,25,2,0,0,,1,tr|r,1,100,0.78,20260989,0,7.32933,78.8951,-0.680148,0.0550631,-0.0394336,0.00118854,0.965167,1.64554,2.42062,0.00588846,0.00521235,0.0353973,0.00324811,0.586014,4.89719,3.60053,21.9385
2026-07-08_Mark-Liversedge_Wrist_01__swing_0008,2026-07-08_Mark-Liversedge_Wrist_01,tracker,P4,128,25,2,0,0,,1,tr|r,1,100,0.99,20260990,0,-10.302,99.6376,-0.701618,0.0888958,0.00568246,0.00521925,0.695464,nan,1.80513,nan,nan,0.0159409,0.00128434,0.129728,7.66972,5.63534,30.6207
2026-07-08_Mark-Liversedge_Wrist_01__swing_0008,2026-07-08_Mark-Liversedge_Wrist_01,tracker,P3,128,25,2,0,0,,1,tr|r,1,100,1,20260991,0,-10.302,98.5573,-0.701618,0.0888958,-0.0120562,0.00120658,0.841318,nan,nan,nan,nan,0,0,0,7.39235,5.35072,30.9471
2026-07-08_Mark-Liversedge_Wrist_01__swing_0009,2026-07-08_Mark-Liversedge_Wrist_01,tracker,P7,134,25,2,0,0,,1,tr|r,1,100,0.86,20260992,0,6.01385,80.1747,-0.680557,0.0447249,-0.00424889,0.00434409,0.612159,1.50754,2.36601,0.00506261,0.0037158,0.0234483,0.00298147,0.392813,4.95411,3.3819,24.8627
2026-07-08_Mark-Liversedge_Wrist_01__swing_0009,2026-07-08_Mark-Liversedge_Wrist_01,tracker,P4,134,25,2,0,0,,1,tr|r,1,100,0.99,20260993,0,-10.302,99.8526,-0.701618,0.0888958,-0.0174706,0.00366105,0.872468,nan,1.78604,nan,nan,0.0136849,0.0014114,0.102248,9.22531,6.34432,40.897
2026-07-08_Mark-Liversedge_Wrist_01__swing_0009,2026-07-08_Mark-Liversedge_Wrist_01,tracker,P3,134,25,2,0,0,,1,tr|r,1,100,1,20260994,0,-10.302,98.5573,-0.701618,0.0888958,-0.0120562,0.00120658,0.841318,nan,nan,nan,nan,0,0,0,8.97621,6.07028,41.3323
2026-07-08_Mark-Liversedge_Wrist_01__swing_0010,2026-07-08_Mark-Liversedge_Wrist_01,tracker,P7,145,25,3,0,1,wr,1,tr|r,1,100,0.87,20260995,0,4.21758,81.1334,-0.683361,0.0565633,0.0195376,0.00103674,0.668016,0.747317,2.03482,0.00566311,0.00614588,0.0200644,0.00269626,0.293996,6.80657,4.62088,29.2577
2026-07-08_Mark-Liversedge_Wrist_01__swing_0010,2026-07-08_Mark-Liversedge_Wrist_01,tracker,P4,145,25,3,0,0,,1,tr|r,1,100,0.99,20260996,0,-10.302,98.5068,-0.701618,0.0888958,0.0165698,0.00201053,0.718133,nan,1.80169,nan,nan,0.0155961,0.00197228,0.0908098,11.0144,7.12715,47.2012
2026-07-08_Mark-Liversedge_Wrist_01__swing_0010,2026-07-08_Mark-Liversedge_Wrist_01,tracker,P3,145,25,3,0,0,,1,tr|r,1,100,0.89,20260997,0,-10.302,98.5573,-0.701618,0.0888958,0.0188737,0.00112634,0.667836,nan,nan,nan,nan,0.0154649,5.95884e-05,0.0867406,11.0352,7.17695,47.2018
2026-07-08_Mark-Liversedge_Wrist_01__swing_0011,2026-07-08_Mark-Liversedge_Wrist_01,tracker,P7,129,24,2,0,1,tr,1,tr|r,1,100,0.75,20260998,0,7.89411,75.455,-0.669069,0.0462127,0.0198609,0.00650453,0.558854,1.26251,3.61973,0.00547466,0.00506107,0.0439856,0.0141738,0.597517,6.13487,4.15108,43.7289
2026-07-08_Mark-Liversedge_Wrist_01__swing_0011,2026-07-08_Mark-Liversedge_Wrist_01,tracker,P4,129,24,2,0,0,,1,tr|r,1,100,1,20260999,0,-10.302,96.9604,-0.701618,0.0888958,-0.0138345,0.00284848,0.847792,nan,2.5022,nan,nan,0.0128595,0.00123382,0.124322,10.6428,7.17009,55.3966
2026-07-08_Mark-Liversedge_Wrist_01__swing_0011,2026-07-08_Mark-Liversedge_Wrist_01,tracker,P3,129,24,2,0,0,,1,tr|r,1,100,1,20261000,0,-10.302,98.5573,-0.701618,0.0888958,-0.0120562,0.00120658,0.841318,nan,nan,nan,nan,0,0,0,11.0893,6.91546,55.9478
2026-07-09_Mark-Liversedge_Wrist_01__swing_0001,2026-07-09_Mark-Liversedge_Wrist_01,tracker,P7,153,36,14,1,0,,0,,1,100,1,20261001,0,5.7162,85.6479,-0.667341,0.0709355,-0.0398585,0.0169413,1.21383,0.891377,1.86705,0.00290182,0.00594387,0.00501448,0.00227338,0.139211,2.53928,1.85195,8.34822
2026-07-09_Mark-Liversedge_Wrist_01__swing_0001,2026-07-09_Mark-Liversedge_Wrist_01,tracker,P4,153,36,14,1,0,,0,,1,100,1,20261002,0,-10.302,102.674,-0.701618,0.0888958,-0.039931,0.0174424,1.03061,nan,0.901802,nan,nan,0.00646216,0.00213641,0.131121,6.53638,4.26237,23.8693
2026-07-09_Mark-Liversedge_Wrist_01__swing_0001,2026-07-09_Mark-Liversedge_Wrist_01,tracker,P3,153,36,14,1,0,,0,,1,100,1,20261003,0,-10.302,98.5573,-0.701618,0.0888958,-0.0393917,0.015459,1.00028,nan,nan,nan,nan,0.00610771,0.0022424,0.126561,5.89563,4.3047,27.8935
2026-07-09_Mark-Liversedge_Wrist_01__swing_0002,2026-07-09_Mark-Liversedge_Wrist_01,tracker,P7,140,37,14,1,0,,0,,1,100,1,20261004,0,6.67732,85.059,-0.650881,0.0675816,-0.0464746,0.014011,0.845954,2.58585,3.54652,0.00673089,0.00912819,0.00487868,0.00211235,0.110349,4.50859,3.02092,12.9841
2026-07-09_Mark-Liversedge_Wrist_01__swing_0002,2026-07-09_Mark-Liversedge_Wrist_01,tracker,P4,140,37,14,1,0,,0,,1,100,1,20261005,0,-10.302,101.794,-0.701618,0.0888958,-0.046363,0.0138879,0.703377,nan,1.15012,nan,nan,0.00533223,0.00285039,0.0862729,7.43984,5.34369,20.8289
2026-07-09_Mark-Liversedge_Wrist_01__swing_0002,2026-07-09_Mark-Liversedge_Wrist_01,tracker,P3,140,37,14,1,0,,0,,1,100,1,20261006,0,-10.302,98.5573,-0.701618,0.0888958,-0.0448524,0.0129033,0.688767,nan,nan,nan,nan,0.00614857,0.00284647,0.101421,6.81231,5.16116,23.6146
2026-07-09_Mark-Liversedge_Wrist_01__swing_0003,2026-07-09_Mark-Liversedge_Wrist_01,tracker,P7,137,37,14,1,0,,0,,1,100,1,20261007,0,0.872511,90.1334,-0.663394,0.0808487,-0.0356113,0.0154559,0.985536,3.9527,6.36066,0.00816592,0.0159785,0.00775525,0.00251227,0.183187,5.40944,3.8725,17.6454
2026-07-09_Mark-Liversedge_Wrist_01__swing_0003,2026-07-09_Mark-Liversedge_Wrist_01,tracker,P4,137,37,14,1,0,,0,,1,100,1,20261008,0,-10.302,100.152,-0.701618,0.0888958,-0.0354691,0.0148891,0.865552,nan,1.23895,nan,nan,0.00790431,0.00286899,0.152394,7.32118,4.81693,21.8649
2026-07-09_Mark-Liversedge_Wrist_01__swing_0003,2026-07-09_Mark-Liversedge_Wrist_01,tracker,P3,137,37,14,1,0,,0,,1,100,1,20261009,0,-10.302,98.5573,-0.701618,0.0888958,-0.0351768,0.0141846,0.852414,nan,nan,nan,nan,0.00685256,0.00235237,0.146352,6.5553,5.08025,22.5377
2026-07-09_Mark-Liversedge_Wrist_01__swing_0004,2026-07-09_Mark-Liversedge_Wrist_01,tracker,P7,149,36,13,1,0,,0,,1,100,1,20261010,0,0.755306,89.3173,-0.666601,0.0708733,-0.0440833,0.0133231,0.865558,3.15629,4.00518,0.00941161,0.0118159,0.00710013,0.00260872,0.142919,4.96393,3.40109,19.7977
2026-07-09_Mark-Liversedge_Wrist_01__swing_0004,2026-07-09_Mark-Liversedge_Wrist_01,tracker,P4,149,36,13,1,0,,0,,1,100,1,20261011,0,-10.302,100.385,-0.701618,0.0888958,-0.0440935,0.0132916,0.769503,nan,1.43487,nan,nan,0.00479251,0.00243292,0.10664,6.28937,4.37421,24.3453
2026-07-09_Mark-Liversedge_Wrist_01__swing_0004,2026-07-09_Mark-Liversedge_Wrist_01,tracker,P3,149,36,13,1,0,,0,,1,100,0.99,20261012,0,-10.302,98.5573,-0.701618,0.0888958,-0.0437897,0.0124728,0.75282,nan,nan,nan,nan,0.0057345,0.00264833,0.123918,5.91167,4.65825,25.1883
2026-07-09_Mark-Liversedge_Wrist_01__swing_0005,2026-07-09_Mark-Liversedge_Wrist_01,tracker,P7,139,38,15,1,0,,0,,1,100,1,20261013,0,9.54018,82.2676,-0.663393,0.0519851,-0.0440682,0.0139498,0.798613,1.93603,2.06627,0.00462732,0.00532545,0.00557013,0.00261326,0.107287,4.45135,2.97117,13.754
2026-07-09_Mark-Liversedge_Wrist_01__swing_0005,2026-07-09_Mark-Liversedge_Wrist_01,tracker,P4,139,38,15,1,0,,0,,1,100,1,20261014,0,-10.302,104.543,-0.701618,0.0888958,-0.0449134,0.0151195,0.660921,nan,1.20081,nan,nan,0.00485864,0.00249374,0.0796918,7.26094,4.95592,22.4084
2026-07-09_Mark-Liversedge_Wrist_01__swing_0005,2026-07-09_Mark-Liversedge_Wrist_01,tracker,P3,139,38,15,1,0,,0,,1,100,1,20261015,0,-10.302,98.5573,-0.701618,0.0888958,-0.0426199,0.0124086,0.618989,nan,nan,nan,nan,0.00632414,0.00261704,0.094037,6.53376,4.38317,31.4569
2026-07-09_Mark-Liversedge_Wrist_01__swing_0006,2026-07-09_Mark-Liversedge_Wrist_01,tracker,P7,135,36,15,1,0,,0,,1,100,1,20261016,0,4.32249,88.3998,-0.645963,0.0636621,-0.0363467,0.0153738,1.03731,3.58414,4.4389,0.0064787,0.00979225,0.00533069,0.00219171,0.138221,4.01717,2.74346,13.9116
2026-07-09_Mark-Liversedge_Wrist_01__swing_0006,2026-07-09_Mark-Liversedge_Wrist_01,tracker,P4,135,36,15,1,0,,0,,1,100,1,20261017,0,-10.302,102.025,-0.701618,0.0888958,-0.0361718,0.0148953,0.881816,nan,1.0886,nan,nan,0.0052685,0.00203484,0.116626,5.51735,3.3707,21.861
2026-07-09_Mark-Liversedge_Wrist_01__swing_0006,2026-07-09_Mark-Liversedge_Wrist_01,tracker,P3,135,36,15,1,0,,0,,1,100,1,20261018,0,-10.302,98.5573,-0.701618,0.0888958,-0.0353092,0.0135859,0.860448,nan,nan,nan,nan,0.0058129,0.00244799,0.118974,5.3571,3.75168,25.0242
